alias	canonical	path	system	facet	subcategory	entity_type	zh_type
密度	密度	发射药/性质性能/基础理化性质/密度	发射药	性质性能	基础理化性质	Concept	参数
热容量	热容量	发射药/性质性能/基础理化性质/热容量	发射药	性质性能	基础理化性质	Concept	参数
热导率	热导率	发射药/性质性能/基础理化性质/热导率	发射药	性质性能	基础理化性质	Concept	参数
吸湿性	吸湿性	发射药/性质性能/基础理化性质/吸湿性	发射药	性质性能	基础理化性质	Concept	参数
爆热	爆热	发射药/性质性能/能量性能/爆热	发射药	性质性能	能量性能	Concept	参数
比容	比容	发射药/性质性能/能量性能/比容	发射药	性质性能	能量性能	Concept	参数
火药力和余容	火药力和余容	发射药/性质性能/能量性能/火药力和余容	发射药	性质性能	能量性能	Concept	参数
燃速	燃速	发射药/性质性能/燃烧性能/燃速	发射药	性质性能	燃烧性能	Concept	参数
燃速压力指数	燃速压力指数	发射药/性质性能/燃烧性能/燃速压力指数	发射药	性质性能	燃烧性能	Concept	参数
燃速温度系数	燃速温度系数	发射药/性质性能/燃烧性能/燃速温度系数	发射药	性质性能	燃烧性能	Concept	参数
弹性参数	弹性参数	发射药/性质性能/力学性能/弹性参数	发射药	性质性能	力学性能	Concept	参数
塑性参数	塑性参数	发射药/性质性能/力学性能/塑性参数	发射药	性质性能	力学性能	Concept	参数
热分解稳定性	热分解稳定性	发射药/性质性能/安全性能/热分解稳定性	发射药	性质性能	安全性能	Concept	参数
撞击感度	撞击感度	发射药/性质性能/安全性能/撞击感度	发射药	性质性能	安全性能	Concept	参数
摩擦感度	摩擦感度	发射药/性质性能/安全性能/摩擦感度	发射药	性质性能	安全性能	Concept	参数
爆发点	爆发点	发射药/性质性能/安全性能/爆发点	发射药	性质性能	安全性能	Concept	参数
相容性	相容性	发射药/性质性能/相容性	发射药	性质性能	相容性	Concept	参数
状态与颜色	状态与颜色	火工药剂/性质性能/基础理化性质/状态与颜色	火工药剂	性质性能	基础理化性质	Concept	参数
熔点	熔点	火工药剂/性质性能/基础理化性质/熔点	火工药剂	性质性能	基础理化性质	Concept	参数
密度	密度	火工药剂/性质性能/基础理化性质/密度	火工药剂	性质性能	基础理化性质	Concept	参数
粒度	粒度	火工药剂/性质性能/基础理化性质/粒度	火工药剂	性质性能	基础理化性质	Concept	参数
吸湿性	吸湿性	火工药剂/性质性能/基础理化性质/吸湿性	火工药剂	性质性能	基础理化性质	Concept	参数
流散性	流散性	火工药剂/性质性能/基础理化性质/流散性	火工药剂	性质性能	基础理化性质	Concept	参数
热力学性质	热力学性质	火工药剂/性质性能/基础理化性质/热力学性质	火工药剂	性质性能	基础理化性质	Concept	参数
谱学性质	谱学性质	火工药剂/性质性能/基础理化性质/谱学性质	火工药剂	性质性能	基础理化性质	Concept	参数
溶解性与极性	溶解性与极性	火工药剂/性质性能/基础理化性质/溶解性与极性	火工药剂	性质性能	基础理化性质	Concept	参数
燃烧热	燃烧热、爆热	火工药剂/性质性能/燃烧爆炸性质/燃烧热、爆热	火工药剂	性质性能	燃烧爆炸性质	Concept	参数
燃烧热、爆热	燃烧热、爆热	火工药剂/性质性能/燃烧爆炸性质/燃烧热、爆热	火工药剂	性质性能	燃烧爆炸性质	Concept	参数
爆热	燃烧热、爆热	火工药剂/性质性能/燃烧爆炸性质/燃烧热、爆热	火工药剂	性质性能	燃烧爆炸性质	Concept	参数
比容	比容	火工药剂/性质性能/燃烧爆炸性质/比容	火工药剂	性质性能	燃烧爆炸性质	Concept	参数
爆发点	爆发点	火工药剂/性质性能/燃烧爆炸性质/爆发点	火工药剂	性质性能	燃烧爆炸性质	Concept	参数
相容性	相容性	火工药剂/性质性能/相容性	火工药剂	性质性能	相容性	Concept	参数
闪电	闪电	火工药剂/性质性能/安全性/闪电	火工药剂	性质性能	安全性	Concept	参数
爆炸极限	爆炸极限	火工药剂/性质性能/安全性/爆炸极限	火工药剂	性质性能	安全性	Concept	参数
毒性	毒性	火工药剂/性质性能/安全性/毒性	火工药剂	性质性能	安全性	Concept	参数
摩擦感度	摩擦感度	火工药剂/性质性能/安全性/感度/摩擦感度	火工药剂	性质性能	安全性	Concept	参数
冲击感度	冲击感度	火工药剂/性质性能/安全性/感度/冲击感度	火工药剂	性质性能	安全性	Concept	参数
静电感度	静电感度	火工药剂/性质性能/安全性/感度/静电感度	火工药剂	性质性能	安全性	Concept	参数
激光感度	激光感度	火工药剂/性质性能/安全性/感度/激光感度	火工药剂	性质性能	安全性	Concept	参数
热安全性	热安全性	火工药剂/性质性能/安全性/热安全性	火工药剂	性质性能	安全性	Concept	参数
力安全性	力安全性	火工药剂/性质性能/安全性/力安全性	火工药剂	性质性能	安全性	Concept	参数
冲击波安全性	冲击波安全性	火工药剂/性质性能/安全性/冲击波安全性	火工药剂	性质性能	安全性	Concept	参数
生物降解性	生物降解性	火工药剂/性质性能/安全性/生物降解性	火工药剂	性质性能	安全性	Concept	参数
毒理性指标	毒理性指标	火工药剂/性质性能/安全性/毒理性指标	火工药剂	性质性能	安全性	Concept	参数
半数致死剂量	半数致死剂量	火工药剂/性质性能/健康危害理化性质/半数致死剂量	火工药剂	性质性能	健康危害理化性质	Concept	参数
刺激性	腐蚀性/刺激性	火工药剂/性质性能/健康危害理化性质/腐蚀性/刺激性	火工药剂	性质性能	健康危害理化性质	Concept	参数
腐蚀性	腐蚀性/刺激性	火工药剂/性质性能/健康危害理化性质/腐蚀性/刺激性	火工药剂	性质性能	健康危害理化性质	Concept	参数
腐蚀性/刺激性	腐蚀性/刺激性	火工药剂/性质性能/健康危害理化性质/腐蚀性/刺激性	火工药剂	性质性能	健康危害理化性质	Concept	参数
毒性	毒性	火工药剂/性质性能/健康危害理化性质/毒性	火工药剂	性质性能	健康危害理化性质	Concept	参数
职业健康伤害类型	职业健康伤害类型	火工药剂/性质性能/健康危害理化性质/职业健康伤害类型	火工药剂	性质性能	健康危害理化性质	Concept	参数
热稳定性	热稳定性	火工药剂/性质性能/化学稳定性/热稳定性	火工药剂	性质性能	化学稳定性	Concept	参数
光稳定性	光稳定性	火工药剂/性质性能/化学稳定性/光稳定性	火工药剂	性质性能	化学稳定性	Concept	参数
氧化还原稳定性	氧化还原稳定性	火工药剂/性质性能/化学稳定性/氧化还原稳定性	火工药剂	性质性能	化学稳定性	Concept	参数
水解稳定性	水解稳定性	火工药剂/性质性能/化学稳定性/水解稳定性	火工药剂	性质性能	化学稳定性	Concept	参数
危险类别	危险类别	火工药剂/性质性能/安全操作与储运特性/危险类别	火工药剂	性质性能	安全操作与储运特性	Concept	参数
包装类别	包装类别	火工药剂/性质性能/安全操作与储运特性/包装类别	火工药剂	性质性能	安全操作与储运特性	Concept	参数
稳定剂信息	稳定剂信息	火工药剂/性质性能/安全操作与储运特性/稳定剂信息	火工药剂	性质性能	安全操作与储运特性	Concept	参数
吸湿性	吸湿性	火工药剂/性质性能/安全操作与储运特性/吸湿性	火工药剂	性质性能	安全操作与储运特性	Concept	参数
应急响应参数	应急响应参数	火工药剂/性质性能/安全操作与储运特性/应急响应参数	火工药剂	性质性能	安全操作与储运特性	Concept	参数
