name	entity_type	path	root_system	major_category
发射药	System	发射药	发射药	
组成	Facet	发射药 / 组成	发射药	组成
硝化棉	Concept	发射药 / 组成 / 硝化棉	发射药	组成
A级硝化棉	Concept	发射药 / 组成 / 硝化棉 / A级硝化棉	发射药	组成
B级硝化棉	Concept	发射药 / 组成 / 硝化棉 / B级硝化棉	发射药	组成
C级硝化棉	Concept	发射药 / 组成 / 硝化棉 / C级硝化棉	发射药	组成
D级硝化棉	Concept	发射药 / 组成 / 硝化棉 / D级硝化棉	发射药	组成
E级硝化棉	Concept	发射药 / 组成 / 硝化棉 / E级硝化棉	发射药	组成
粘结剂	Concept	发射药 / 组成 / 粘结剂	发射药	组成
含能粘结剂	Concept	发射药 / 组成 / 粘结剂 / 含能粘结剂	发射药	组成
叠氮类含能粘结剂	Concept	发射药 / 组成 / 粘结剂 / 含能粘结剂 / 叠氮类含能粘结剂	发射药	组成
硝酸酯类含能粘结剂	Concept	发射药 / 组成 / 粘结剂 / 含能粘结剂 / 硝酸酯类含能粘结剂	发射药	组成
硝基类含能粘结剂	Concept	发射药 / 组成 / 粘结剂 / 含能粘结剂 / 硝基类含能粘结剂	发射药	组成
硝胺类含能粘结剂	Concept	发射药 / 组成 / 粘结剂 / 含能粘结剂 / 硝胺类含能粘结剂	发射药	组成
惰性粘结剂	Concept	发射药 / 组成 / 粘结剂 / 惰性粘结剂	发射药	组成
聚氨酯	Concept	发射药 / 组成 / 粘结剂 / 惰性粘结剂 / 聚氨酯	发射药	组成
醋酸纤维素	Concept	发射药 / 组成 / 粘结剂 / 惰性粘结剂 / 醋酸纤维素	发射药	组成
乙基纤维素	Concept	发射药 / 组成 / 粘结剂 / 惰性粘结剂 / 乙基纤维素	发射药	组成
增塑剂	Concept	发射药 / 组成 / 增塑剂	发射药	组成
含能增塑剂	Concept	发射药 / 组成 / 增塑剂 / 含能增塑剂	发射药	组成
硝化甘油	Concept	发射药 / 组成 / 增塑剂 / 含能增塑剂 / 硝化甘油	发射药	组成
硝化二乙二醇	Concept	发射药 / 组成 / 增塑剂 / 含能增塑剂 / 硝化二乙二醇	发射药	组成
硝化三乙二醇	Concept	发射药 / 组成 / 增塑剂 / 含能增塑剂 / 硝化三乙二醇	发射药	组成
硝基异丁基甘油三硝酸酯	Concept	发射药 / 组成 / 增塑剂 / 含能增塑剂 / 硝基异丁基甘油三硝酸酯	发射药	组成
甲基异丁基甘油三硝酸酯	Concept	发射药 / 组成 / 增塑剂 / 含能增塑剂 / 甲基异丁基甘油三硝酸酯	发射药	组成
丁三醇三硝酸酯	Concept	发射药 / 组成 / 增塑剂 / 含能增塑剂 / 丁三醇三硝酸酯	发射药	组成
乙二醇二硝酸酯	Concept	发射药 / 组成 / 增塑剂 / 含能增塑剂 / 乙二醇二硝酸酯	发射药	组成
惰性增塑剂	Concept	发射药 / 组成 / 增塑剂 / 惰性增塑剂	发射药	组成
己二酸二辛酯	Concept	发射药 / 组成 / 增塑剂 / 惰性增塑剂 / 己二酸二辛酯	发射药	组成
邻苯二甲酸二乙酯	Concept	发射药 / 组成 / 增塑剂 / 惰性增塑剂 / 邻苯二甲酸二乙酯	发射药	组成
甘油三醋酸酯	Concept	发射药 / 组成 / 增塑剂 / 惰性增塑剂 / 甘油三醋酸酯	发射药	组成
癸二酸二丁酯	Concept	发射药 / 组成 / 增塑剂 / 惰性增塑剂 / 癸二酸二丁酯	发射药	组成
高能化合物	Concept	发射药 / 组成 / 高能化合物	发射药	组成
硝基胍	Concept	发射药 / 组成 / 高能化合物 / 硝基胍	发射药	组成
硝化二乙醇胺	Concept	发射药 / 组成 / 高能化合物 / 硝化二乙醇胺	发射药	组成
黑索今	Concept	发射药 / 组成 / 高能化合物 / 黑索今	发射药	组成
奥克托今	Concept	发射药 / 组成 / 高能化合物 / 奥克托今	发射药	组成
性能改良剂	Concept	发射药 / 组成 / 性能改良剂	发射药	组成
消焰剂	Concept	发射药 / 组成 / 性能改良剂 / 消焰剂	发射药	组成
硝酸钾	Concept	发射药 / 组成 / 性能改良剂 / 消焰剂 / 硝酸钾	发射药	组成
硫酸钾	Concept	发射药 / 组成 / 性能改良剂 / 消焰剂 / 硫酸钾	发射药	组成
松香	Concept	发射药 / 组成 / 性能改良剂 / 消焰剂 / 松香	发射药	组成
冰晶石	Concept	发射药 / 组成 / 性能改良剂 / 消焰剂 / 冰晶石	发射药	组成
有机酸盐	Concept	发射药 / 组成 / 性能改良剂 / 消焰剂 / 有机酸盐	发射药	组成
安定剂	Concept	发射药 / 组成 / 性能改良剂 / 安定剂	发射药	组成
二苯胺	Concept	发射药 / 组成 / 性能改良剂 / 安定剂 / 二苯胺	发射药	组成
N,N'-二甲基-N,N'-二苯脲	Concept	发射药 / 组成 / 性能改良剂 / 安定剂 / N,N'-二甲基-N,N'-二苯脲	发射药	组成
N,N'-二乙基-N,N'-二苯脲	Concept	发射药 / 组成 / 性能改良剂 / 安定剂 / N,N'-二乙基-N,N'-二苯脲	发射药	组成
2-硝基二苯胺	Concept	发射药 / 组成 / 性能改良剂 / 安定剂 / 2-硝基二苯胺	发射药	组成
抗烧蚀剂	Concept	发射药 / 组成 / 性能改良剂 / 抗烧蚀剂	发射药	组成
二氧化钛	Concept	发射药 / 组成 / 性能改良剂 / 抗烧蚀剂 / 二氧化钛	发射药	组成
滑石粉	Concept	发射药 / 组成 / 性能改良剂 / 抗烧蚀剂 / 滑石粉	发射药	组成
石蜡	Concept	发射药 / 组成 / 性能改良剂 / 抗烧蚀剂 / 石蜡	发射药	组成
松香	Concept	发射药 / 组成 / 性能改良剂 / 抗烧蚀剂 / 松香	发射药	组成
钝感剂	Concept	发射药 / 组成 / 性能改良剂 / 钝感剂	发射药	组成
樟脑	Concept	发射药 / 组成 / 性能改良剂 / 钝感剂 / 樟脑	发射药	组成
邻苯二甲酸二丁酯	Concept	发射药 / 组成 / 性能改良剂 / 钝感剂 / 邻苯二甲酸二丁酯	发射药	组成
工艺附加物	Concept	发射药 / 组成 / 性能改良剂 / 工艺附加物	发射药	组成
氧化镁	Concept	发射药 / 组成 / 性能改良剂 / 工艺附加物 / 氧化镁	发射药	组成
石墨	Concept	发射药 / 组成 / 性能改良剂 / 工艺附加物 / 石墨	发射药	组成
松香	Concept	发射药 / 组成 / 性能改良剂 / 工艺附加物 / 松香	发射药	组成
地蜡	Concept	发射药 / 组成 / 性能改良剂 / 工艺附加物 / 地蜡	发射药	组成
应用	Facet	发射药 / 应用	发射药	应用
应用平台	Concept	发射药 / 应用 / 应用平台	发射药	应用
身管武器	Concept	发射药 / 应用 / 应用平台 / 身管武器	发射药	应用
手枪/步枪	Concept	发射药 / 应用 / 应用平台 / 身管武器 / 手枪/步枪	发射药	应用
火炮	Concept	发射药 / 应用 / 应用平台 / 身管武器 / 火炮	发射药	应用
线膛火炮	Concept	发射药 / 应用 / 应用平台 / 身管武器 / 火炮 / 线膛火炮	发射药	应用
滑膛火炮	Concept	发射药 / 应用 / 应用平台 / 身管武器 / 火炮 / 滑膛火炮	发射药	应用
抛放弹	Concept	发射药 / 应用 / 应用平台 / 抛放弹	发射药	应用
特殊应用	Concept	发射药 / 应用 / 应用平台 / 特殊应用	发射药	应用
无后坐炮	Concept	发射药 / 应用 / 应用平台 / 特殊应用 / 无后坐炮	发射药	应用
膨胀波火炮	Concept	发射药 / 应用 / 应用平台 / 特殊应用 / 膨胀波火炮	发射药	应用
平衡炮	Concept	发射药 / 应用 / 应用平台 / 特殊应用 / 平衡炮	发射药	应用
高低压火炮	Concept	发射药 / 应用 / 应用平台 / 特殊应用 / 高低压火炮	发射药	应用
性能需求	Concept	发射药 / 应用 / 性能需求	发射药	应用
能量性能	Concept	发射药 / 应用 / 性能需求 / 能量性能	发射药	应用
力学性能	Concept	发射药 / 应用 / 性能需求 / 力学性能	发射药	应用
内弹道性能	Concept	发射药 / 应用 / 性能需求 / 内弹道性能	发射药	应用
燃烧性能	Concept	发射药 / 应用 / 性能需求 / 燃烧性能	发射药	应用
安全性能	Concept	发射药 / 应用 / 性能需求 / 安全性能	发射药	应用
贮存寿命	Concept	发射药 / 应用 / 性能需求 / 贮存寿命	发射药	应用
烟焰要求	Concept	发射药 / 应用 / 性能需求 / 烟焰要求	发射药	应用
环境适用性	Concept	发射药 / 应用 / 性能需求 / 环境适用性	发射药	应用
特殊需求	Concept	发射药 / 应用 / 性能需求 / 特殊需求	发射药	应用
装药设计	Concept	发射药 / 应用 / 装药设计	发射药	应用
指标要求	Concept	发射药 / 应用 / 装药设计 / 指标要求	发射药	应用
威力	Concept	发射药 / 应用 / 装药设计 / 指标要求 / 威力	发射药	应用
安全性和可靠性	Concept	发射药 / 应用 / 装药设计 / 指标要求 / 安全性和可靠性	发射药	应用
勤务处理	Concept	发射药 / 应用 / 装药设计 / 指标要求 / 勤务处理	发射药	应用
平台条件	Concept	发射药 / 应用 / 装药设计 / 平台条件	发射药	应用
火炮口径	Concept	发射药 / 应用 / 装药设计 / 平台条件 / 火炮口径	发射药	应用
药室容积	Concept	发射药 / 应用 / 装药设计 / 平台条件 / 药室容积	发射药	应用
炮膛横断面积	Concept	发射药 / 应用 / 装药设计 / 平台条件 / 炮膛横断面积	发射药	应用
弹丸行程长	Concept	发射药 / 应用 / 装药设计 / 平台条件 / 弹丸行程长	发射药	应用
装药组成	Concept	发射药 / 应用 / 装药设计 / 装药组成	发射药	应用
发射药	Concept	发射药 / 应用 / 装药设计 / 装药组成 / 发射药	发射药	应用
点火具及其元件	Concept	发射药 / 应用 / 装药设计 / 装药组成 / 点火具及其元件	发射药	应用
护膛剂	Concept	发射药 / 应用 / 装药设计 / 装药组成 / 护膛剂	发射药	应用
除铜剂	Concept	发射药 / 应用 / 装药设计 / 装药组成 / 除铜剂	发射药	应用
消焰剂	Concept	发射药 / 应用 / 装药设计 / 装药组成 / 消焰剂	发射药	应用
紧塞具	Concept	发射药 / 应用 / 装药设计 / 装药组成 / 紧塞具	发射药	应用
药筒/弹壳	Concept	发射药 / 应用 / 装药设计 / 装药组成 / 药筒/弹壳	发射药	应用
密封盖	Concept	发射药 / 应用 / 装药设计 / 装药组成 / 密封盖	发射药	应用
试验测试	Concept	发射药 / 应用 / 试验测试	发射药	应用
发射药性能测试	Concept	发射药 / 应用 / 试验测试 / 发射药性能测试	发射药	应用
密闭爆发器试验	Concept	发射药 / 应用 / 试验测试 / 发射药性能测试 / 密闭爆发器试验	发射药	应用
烧蚀管试验	Concept	发射药 / 应用 / 试验测试 / 发射药性能测试 / 烧蚀管试验	发射药	应用
燃烧中止试验	Concept	发射药 / 应用 / 试验测试 / 发射药性能测试 / 燃烧中止试验	发射药	应用
发射药装药性能测试	Concept	发射药 / 应用 / 试验测试 / 发射药装药性能测试	发射药	应用
密闭爆发器试验	Concept	发射药 / 应用 / 试验测试 / 发射药装药性能测试 / 密闭爆发器试验	发射药	应用
烧蚀管试验	Concept	发射药 / 应用 / 试验测试 / 发射药装药性能测试 / 烧蚀管试验	发射药	应用
燃烧中止试验	Concept	发射药 / 应用 / 试验测试 / 发射药装药性能测试 / 燃烧中止试验	发射药	应用
发射装药发射安全性试验	Concept	发射药 / 应用 / 试验测试 / 发射药装药性能测试 / 发射装药发射安全性试验	发射药	应用
发射装药点传火与运动试验	Concept	发射药 / 应用 / 试验测试 / 发射药装药性能测试 / 发射装药点传火与运动试验	发射药	应用
火炮初速和膛压测定	Concept	发射药 / 应用 / 试验测试 / 发射药装药性能测试 / 火炮初速和膛压测定	发射药	应用
测试标准	Concept	发射药 / 应用 / 试验测试 / 测试标准	发射药	应用
GJB 772A/B、GJB 770A	Concept	发射药 / 应用 / 试验测试 / 测试标准 / GJB 772A/B、GJB 770A	发射药	应用
制备与加工	Facet	发射药 / 制备与加工	发射药	制备与加工
模型与设计	Concept	发射药 / 制备与加工 / 模型与设计	发射药	制备与加工
动力学模型	Concept	发射药 / 制备与加工 / 模型与设计 / 动力学模型	发射药	制备与加工
热力学模型	Concept	发射药 / 制备与加工 / 模型与设计 / 热力学模型	发射药	制备与加工
物理模型	Concept	发射药 / 制备与加工 / 模型与设计 / 物理模型	发射药	制备与加工
数字孪生	Concept	发射药 / 制备与加工 / 模型与设计 / 数字孪生	发射药	制备与加工
安全模型	Concept	发射药 / 制备与加工 / 模型与设计 / 安全模型	发射药	制备与加工
控制模型	Concept	发射药 / 制备与加工 / 模型与设计 / 控制模型	发射药	制备与加工
工艺流程	Concept	发射药 / 制备与加工 / 工艺流程	发射药	制备与加工
溶剂法挤出成型工艺	Concept	发射药 / 制备与加工 / 工艺流程 / 溶剂法挤出成型工艺	发射药	制备与加工
塑化	Concept	发射药 / 制备与加工 / 工艺流程 / 溶剂法挤出成型工艺 / 塑化	发射药	制备与加工
压伸	Concept	发射药 / 制备与加工 / 工艺流程 / 溶剂法挤出成型工艺 / 压伸	发射药	制备与加工
晾药	Concept	发射药 / 制备与加工 / 工艺流程 / 溶剂法挤出成型工艺 / 晾药	发射药	制备与加工
切药	Concept	发射药 / 制备与加工 / 工艺流程 / 溶剂法挤出成型工艺 / 切药	发射药	制备与加工
筛选	Concept	发射药 / 制备与加工 / 工艺流程 / 溶剂法挤出成型工艺 / 筛选	发射药	制备与加工
驱溶	Concept	发射药 / 制备与加工 / 工艺流程 / 溶剂法挤出成型工艺 / 驱溶	发射药	制备与加工
混同包装	Concept	发射药 / 制备与加工 / 工艺流程 / 溶剂法挤出成型工艺 / 混同包装	发射药	制备与加工
半溶剂法挤出成型工艺	Concept	发射药 / 制备与加工 / 工艺流程 / 半溶剂法挤出成型工艺	发射药	制备与加工
造粒	Concept	发射药 / 制备与加工 / 工艺流程 / 半溶剂法挤出成型工艺 / 造粒	发射药	制备与加工
塑化	Concept	发射药 / 制备与加工 / 工艺流程 / 半溶剂法挤出成型工艺 / 塑化	发射药	制备与加工
压伸	Concept	发射药 / 制备与加工 / 工艺流程 / 半溶剂法挤出成型工艺 / 压伸	发射药	制备与加工
晾药	Concept	发射药 / 制备与加工 / 工艺流程 / 半溶剂法挤出成型工艺 / 晾药	发射药	制备与加工
切药	Concept	发射药 / 制备与加工 / 工艺流程 / 半溶剂法挤出成型工艺 / 切药	发射药	制备与加工
筛选	Concept	发射药 / 制备与加工 / 工艺流程 / 半溶剂法挤出成型工艺 / 筛选	发射药	制备与加工
驱溶	Concept	发射药 / 制备与加工 / 工艺流程 / 半溶剂法挤出成型工艺 / 驱溶	发射药	制备与加工
混同包装	Concept	发射药 / 制备与加工 / 工艺流程 / 半溶剂法挤出成型工艺 / 混同包装	发射药	制备与加工
内溶法成球工艺	Concept	发射药 / 制备与加工 / 工艺流程 / 内溶法成球工艺	发射药	制备与加工
溶解成球	Concept	发射药 / 制备与加工 / 工艺流程 / 内溶法成球工艺 / 溶解成球	发射药	制备与加工
预蒸溶	Concept	发射药 / 制备与加工 / 工艺流程 / 内溶法成球工艺 / 预蒸溶	发射药	制备与加工
脱水	Concept	发射药 / 制备与加工 / 工艺流程 / 内溶法成球工艺 / 脱水	发射药	制备与加工
蒸溶	Concept	发射药 / 制备与加工 / 工艺流程 / 内溶法成球工艺 / 蒸溶	发射药	制备与加工
筛分	Concept	发射药 / 制备与加工 / 工艺流程 / 内溶法成球工艺 / 筛分	发射药	制备与加工
后处理	Concept	发射药 / 制备与加工 / 工艺流程 / 内溶法成球工艺 / 后处理	发射药	制备与加工
外溶法成球工艺	Concept	发射药 / 制备与加工 / 工艺流程 / 外溶法成球工艺	发射药	制备与加工
药料塑化	Concept	发射药 / 制备与加工 / 工艺流程 / 外溶法成球工艺 / 药料塑化	发射药	制备与加工
挤压造粒	Concept	发射药 / 制备与加工 / 工艺流程 / 外溶法成球工艺 / 挤压造粒	发射药	制备与加工
强化溶胀	Concept	发射药 / 制备与加工 / 工艺流程 / 外溶法成球工艺 / 强化溶胀	发射药	制备与加工
预蒸溶	Concept	发射药 / 制备与加工 / 工艺流程 / 外溶法成球工艺 / 预蒸溶	发射药	制备与加工
脱水	Concept	发射药 / 制备与加工 / 工艺流程 / 外溶法成球工艺 / 脱水	发射药	制备与加工
蒸溶	Concept	发射药 / 制备与加工 / 工艺流程 / 外溶法成球工艺 / 蒸溶	发射药	制备与加工
筛分	Concept	发射药 / 制备与加工 / 工艺流程 / 外溶法成球工艺 / 筛分	发射药	制备与加工
后处理	Concept	发射药 / 制备与加工 / 工艺流程 / 外溶法成球工艺 / 后处理	发射药	制备与加工
后处理工艺	Concept	发射药 / 制备与加工 / 工艺流程 / 后处理工艺	发射药	制备与加工
钝感	Concept	发射药 / 制备与加工 / 工艺流程 / 后处理工艺 / 钝感	发射药	制备与加工
预烘	Concept	发射药 / 制备与加工 / 工艺流程 / 后处理工艺 / 预烘	发射药	制备与加工
光泽	Concept	发射药 / 制备与加工 / 工艺流程 / 后处理工艺 / 光泽	发射药	制备与加工
烘干	Concept	发射药 / 制备与加工 / 工艺流程 / 后处理工艺 / 烘干	发射药	制备与加工
整形	Concept	发射药 / 制备与加工 / 工艺流程 / 后处理工艺 / 整形	发射药	制备与加工
过筛	Concept	发射药 / 制备与加工 / 工艺流程 / 后处理工艺 / 过筛	发射药	制备与加工
设备	Concept	发射药 / 制备与加工 / 设备	发射药	制备与加工
胶化设备	Concept	发射药 / 制备与加工 / 设备 / 胶化设备	发射药	制备与加工
缸式捏合机	Concept	发射药 / 制备与加工 / 设备 / 胶化设备 / 缸式捏合机	发射药	制备与加工
三室连续塑化机	Concept	发射药 / 制备与加工 / 设备 / 胶化设备 / 三室连续塑化机	发射药	制备与加工
切药设备	Concept	发射药 / 制备与加工 / 设备 / 切药设备	发射药	制备与加工
槽式切药机	Concept	发射药 / 制备与加工 / 设备 / 切药设备 / 槽式切药机	发射药	制备与加工
旋刀式切药机	Concept	发射药 / 制备与加工 / 设备 / 切药设备 / 旋刀式切药机	发射药	制备与加工
光泽设备	Concept	发射药 / 制备与加工 / 设备 / 光泽设备	发射药	制备与加工
转鼓式光泽机	Concept	发射药 / 制备与加工 / 设备 / 光泽设备 / 转鼓式光泽机	发射药	制备与加工
烘干设备	Concept	发射药 / 制备与加工 / 设备 / 烘干设备	发射药	制备与加工
桌式烘干机	Concept	发射药 / 制备与加工 / 设备 / 烘干设备 / 桌式烘干机	发射药	制备与加工
转筒烘干机	Concept	发射药 / 制备与加工 / 设备 / 烘干设备 / 转筒烘干机	发射药	制备与加工
压制设备	Concept	发射药 / 制备与加工 / 设备 / 压制设备	发射药	制备与加工
柱塞式水压机	Concept	发射药 / 制备与加工 / 设备 / 压制设备 / 柱塞式水压机	发射药	制备与加工
油压机	Concept	发射药 / 制备与加工 / 设备 / 压制设备 / 油压机	发射药	制备与加工
连续式单螺杆挤压机	Concept	发射药 / 制备与加工 / 设备 / 压制设备 / 连续式单螺杆挤压机	发射药	制备与加工
釜体设备	Concept	发射药 / 制备与加工 / 设备 / 釜体设备	发射药	制备与加工
多功能罐	Concept	发射药 / 制备与加工 / 设备 / 釜体设备 / 多功能罐	发射药	制备与加工
输送装置	Concept	发射药 / 制备与加工 / 设备 / 输送装置	发射药	制备与加工
喷射器	Concept	发射药 / 制备与加工 / 设备 / 输送装置 / 喷射器	发射药	制备与加工
气动失重式给料机	Concept	发射药 / 制备与加工 / 设备 / 输送装置 / 气动失重式给料机	发射药	制备与加工
真空输送机	Concept	发射药 / 制备与加工 / 设备 / 输送装置 / 真空输送机	发射药	制备与加工
自动计量设备	Concept	发射药 / 制备与加工 / 设备 / 自动计量设备	发射药	制备与加工
微波浓度仪	Concept	发射药 / 制备与加工 / 设备 / 自动计量设备 / 微波浓度仪	发射药	制备与加工
电磁流量计	Concept	发射药 / 制备与加工 / 设备 / 自动计量设备 / 电磁流量计	发射药	制备与加工
直管质量流量计	Concept	发射药 / 制备与加工 / 设备 / 自动计量设备 / 直管质量流量计	发射药	制备与加工
防静电电子皮带秤	Concept	发射药 / 制备与加工 / 设备 / 自动计量设备 / 防静电电子皮带秤	发射药	制备与加工
仪器仪表	Concept	发射药 / 制备与加工 / 设备 / 仪器仪表	发射药	制备与加工
数字显示屏	Concept	发射药 / 制备与加工 / 设备 / 仪器仪表 / 数字显示屏	发射药	制备与加工
PLC控制器	Concept	发射药 / 制备与加工 / 设备 / 仪器仪表 / PLC控制器	发射药	制备与加工
温控器	Concept	发射药 / 制备与加工 / 设备 / 仪器仪表 / 温控器	发射药	制备与加工
通换风设备	Concept	发射药 / 制备与加工 / 设备 / 通换风设备	发射药	制备与加工
防爆风机	Concept	发射药 / 制备与加工 / 设备 / 通换风设备 / 防爆风机	发射药	制备与加工
搬运设备	Concept	发射药 / 制备与加工 / 设备 / 搬运设备	发射药	制备与加工
传送带	Concept	发射药 / 制备与加工 / 设备 / 搬运设备 / 传送带	发射药	制备与加工
驱溶设备	Concept	发射药 / 制备与加工 / 设备 / 驱溶设备	发射药	制备与加工
移动式预烘箱	Concept	发射药 / 制备与加工 / 设备 / 驱溶设备 / 移动式预烘箱	发射药	制备与加工
驱溶塔	Concept	发射药 / 制备与加工 / 设备 / 驱溶设备 / 驱溶塔	发射药	制备与加工
转筒预烘机	Concept	发射药 / 制备与加工 / 设备 / 驱溶设备 / 转筒预烘机	发射药	制备与加工
浸水池	Concept	发射药 / 制备与加工 / 设备 / 驱溶设备 / 浸水池	发射药	制备与加工
混同设备	Concept	发射药 / 制备与加工 / 设备 / 混同设备	发射药	制备与加工
圆斗式混同器	Concept	发射药 / 制备与加工 / 设备 / 混同设备 / 圆斗式混同器	发射药	制备与加工
重力式混同器	Concept	发射药 / 制备与加工 / 设备 / 混同设备 / 重力式混同器	发射药	制备与加工
第三联动混同器	Concept	发射药 / 制备与加工 / 设备 / 混同设备 / 第三联动混同器	发射药	制备与加工
带式混同器	Concept	发射药 / 制备与加工 / 设备 / 混同设备 / 带式混同器	发射药	制备与加工
回转型混同器	Concept	发射药 / 制备与加工 / 设备 / 混同设备 / 回转型混同器	发射药	制备与加工
钝感设备	Concept	发射药 / 制备与加工 / 设备 / 钝感设备	发射药	制备与加工
转筒钝感光泽机	Concept	发射药 / 制备与加工 / 设备 / 钝感设备 / 转筒钝感光泽机	发射药	制备与加工
机械搅拌釜设备	Concept	发射药 / 制备与加工 / 设备 / 钝感设备 / 机械搅拌釜设备	发射药	制备与加工
吸附设备	Concept	发射药 / 制备与加工 / 设备 / 吸附设备	发射药	制备与加工
立式吸附器	Concept	发射药 / 制备与加工 / 设备 / 吸附设备 / 立式吸附器	发射药	制备与加工
卧式吸附器	Concept	发射药 / 制备与加工 / 设备 / 吸附设备 / 卧式吸附器	发射药	制备与加工
应急响应与事故防控	Concept	发射药 / 制备与加工 / 应急响应与事故防控	发射药	制备与加工
典型事故类型	Concept	发射药 / 制备与加工 / 应急响应与事故防控 / 典型事故类型	发射药	制备与加工
爆炸	Concept	发射药 / 制备与加工 / 应急响应与事故防控 / 典型事故类型 / 爆炸	发射药	制备与加工
危险识别与评估方法	Concept	发射药 / 制备与加工 / 应急响应与事故防控 / 危险识别与评估方法	发射药	制备与加工
危险因素	Concept	发射药 / 制备与加工 / 应急响应与事故防控 / 危险识别与评估方法 / 危险因素	发射药	制备与加工
温度	Concept	发射药 / 制备与加工 / 应急响应与事故防控 / 危险识别与评估方法 / 危险因素 / 温度	发射药	制备与加工
粉尘	Concept	发射药 / 制备与加工 / 应急响应与事故防控 / 危险识别与评估方法 / 危险因素 / 粉尘	发射药	制备与加工
压力	Concept	发射药 / 制备与加工 / 应急响应与事故防控 / 危险识别与评估方法 / 危险因素 / 压力	发射药	制备与加工
静电	Concept	发射药 / 制备与加工 / 应急响应与事故防控 / 危险识别与评估方法 / 危险因素 / 静电	发射药	制备与加工
评估方法	Concept	发射药 / 制备与加工 / 应急响应与事故防控 / 危险识别与评估方法 / 评估方法	发射药	制备与加工
温度或火焰安全检测技术	Concept	发射药 / 制备与加工 / 应急响应与事故防控 / 危险识别与评估方法 / 评估方法 / 温度或火焰安全检测技术	发射药	制备与加工
易燃易爆粉尘控制技术	Concept	发射药 / 制备与加工 / 应急响应与事故防控 / 危险识别与评估方法 / 评估方法 / 易燃易爆粉尘控制技术	发射药	制备与加工
泄爆控制技术	Concept	发射药 / 制备与加工 / 应急响应与事故防控 / 危险识别与评估方法 / 评估方法 / 泄爆控制技术	发射药	制备与加工
应急体系	Concept	发射药 / 制备与加工 / 应急响应与事故防控 / 应急体系	发射药	制备与加工
水雾易爆控制技术	Concept	发射药 / 制备与加工 / 应急响应与事故防控 / 应急体系 / 水雾易爆控制技术	发射药	制备与加工
先进雨淋灭火系统	Concept	发射药 / 制备与加工 / 应急响应与事故防控 / 应急体系 / 先进雨淋灭火系统	发射药	制备与加工
可移动式喷水灭火系统	Concept	发射药 / 制备与加工 / 应急响应与事故防控 / 应急体系 / 可移动式喷水灭火系统	发射药	制备与加工
冲击波抑制技术	Concept	发射药 / 制备与加工 / 应急响应与事故防控 / 应急体系 / 冲击波抑制技术	发射药	制备与加工
三废处理	Concept	发射药 / 制备与加工 / 三废处理	发射药	制备与加工
废气	Concept	发射药 / 制备与加工 / 三废处理 / 废气	发射药	制备与加工
废液	Concept	发射药 / 制备与加工 / 三废处理 / 废液	发射药	制备与加工
分馏	Concept	发射药 / 制备与加工 / 三废处理 / 废液 / 分馏	发射药	制备与加工
精馏	Concept	发射药 / 制备与加工 / 三废处理 / 废液 / 精馏	发射药	制备与加工
废渣	Concept	发射药 / 制备与加工 / 三废处理 / 废渣	发射药	制备与加工
焚烧炉焚烧法	Concept	发射药 / 制备与加工 / 三废处理 / 废渣 / 焚烧炉焚烧法	发射药	制备与加工
紫外线氧化破坏法	Concept	发射药 / 制备与加工 / 三废处理 / 废渣 / 紫外线氧化破坏法	发射药	制备与加工
法规标准	Concept	发射药 / 制备与加工 / 法规标准	发射药	制备与加工
国内法规标准	Concept	发射药 / 制备与加工 / 法规标准 / 国内法规标准	发射药	制备与加工
国际标准	Concept	发射药 / 制备与加工 / 法规标准 / 国际标准	发射药	制备与加工
企业级标准	Concept	发射药 / 制备与加工 / 法规标准 / 企业级标准	发射药	制备与加工
行业级标准	Concept	发射药 / 制备与加工 / 法规标准 / 行业级标准	发射药	制备与加工
安全与监管	Facet	发射药 / 安全与监管	发射药	安全与监管
识别与分类	Concept	发射药 / 安全与监管 / 识别与分类	发射药	安全与监管
发射药标签与目录	Concept	发射药 / 安全与监管 / 识别与分类 / 发射药标签与目录	发射药	安全与监管
危险性类别识别	Concept	发射药 / 安全与监管 / 识别与分类 / 危险性类别识别	发射药	安全与监管
分类编码与标识	Concept	发射药 / 安全与监管 / 识别与分类 / 分类编码与标识	发射药	安全与监管
安全管理制度	Concept	发射药 / 安全与监管 / 安全管理制度	发射药	安全与监管
全生命周期安全管理	Concept	发射药 / 安全与监管 / 安全管理制度 / 全生命周期安全管理	发射药	安全与监管
岗位责任与权限划分	Concept	发射药 / 安全与监管 / 安全管理制度 / 岗位责任与权限划分	发射药	安全与监管
动火作业制度	Concept	发射药 / 安全与监管 / 安全管理制度 / 动火作业制度	发射药	安全与监管
有限空间/高处作业制度	Concept	发射药 / 安全与监管 / 安全管理制度 / 有限空间/高处作业制度	发射药	安全与监管
安全技术保障	Concept	发射药 / 安全与监管 / 安全技术保障	发射药	安全与监管
工艺安全管理	Concept	发射药 / 安全与监管 / 安全技术保障 / 工艺安全管理	发射药	安全与监管
设备安全管理	Concept	发射药 / 安全与监管 / 安全技术保障 / 设备安全管理	发射药	安全与监管
监测预警与连锁	Concept	发射药 / 安全与监管 / 安全技术保障 / 监测预警与连锁	发射药	安全与监管
特种作业人员管理	Concept	发射药 / 安全与监管 / 安全技术保障 / 特种作业人员管理	发射药	安全与监管
储运与仓储安全	Concept	发射药 / 安全与监管 / 储运与仓储安全	发射药	安全与监管
存储安全规范	Concept	发射药 / 安全与监管 / 储运与仓储安全 / 存储安全规范	发射药	安全与监管
运输管理制度	Concept	发射药 / 安全与监管 / 储运与仓储安全 / 运输管理制度	发射药	安全与监管
仓储场所设计	Concept	发射药 / 安全与监管 / 储运与仓储安全 / 仓储场所设计	发射药	安全与监管
应急响应与事故处置	Concept	发射药 / 安全与监管 / 应急响应与事故处置	发射药	安全与监管
典型事故类型与机制	Concept	发射药 / 安全与监管 / 应急响应与事故处置 / 典型事故类型与机制	发射药	安全与监管
应急预案编制	Concept	发射药 / 安全与监管 / 应急响应与事故处置 / 应急预案编制	发射药	安全与监管
应急救援体系	Concept	发射药 / 安全与监管 / 应急响应与事故处置 / 应急救援体系	发射药	安全与监管
事故调查与追责	Concept	发射药 / 安全与监管 / 应急响应与事故处置 / 事故调查与追责	发射药	安全与监管
法规政策与标准	Concept	发射药 / 安全与监管 / 法规政策与标准	发射药	安全与监管
国内法规标准	Concept	发射药 / 安全与监管 / 法规政策与标准 / 国内法规标准	发射药	安全与监管
国际法规与标准	Concept	发射药 / 安全与监管 / 法规政策与标准 / 国际法规与标准	发射药	安全与监管
企业/行业规章制度	Concept	发射药 / 安全与监管 / 法规政策与标准 / 企业/行业规章制度	发射药	安全与监管
性质性能	Facet	发射药 / 性质性能	发射药	性质性能
基础理化性质	Concept	发射药 / 性质性能 / 基础理化性质	发射药	性质性能
密度	Concept	发射药 / 性质性能 / 基础理化性质 / 密度	发射药	性质性能
热容量	Concept	发射药 / 性质性能 / 基础理化性质 / 热容量	发射药	性质性能
热导率	Concept	发射药 / 性质性能 / 基础理化性质 / 热导率	发射药	性质性能
吸湿性	Concept	发射药 / 性质性能 / 基础理化性质 / 吸湿性	发射药	性质性能
能量性能	Concept	发射药 / 性质性能 / 能量性能	发射药	性质性能
爆热	Concept	发射药 / 性质性能 / 能量性能 / 爆热	发射药	性质性能
比容	Concept	发射药 / 性质性能 / 能量性能 / 比容	发射药	性质性能
火药力和余容	Concept	发射药 / 性质性能 / 能量性能 / 火药力和余容	发射药	性质性能
软件平台：REAL、TIGER、BLAKE、Thermo/COUPLE	Concept	发射药 / 性质性能 / 能量性能 / 软件平台：REAL、TIGER、BLAKE、Thermo/COUPLE	发射药	性质性能
试验测试规范：GJB 772A/B、GJB 770A/B	Concept	发射药 / 性质性能 / 能量性能 / 试验测试规范：GJB 772A/B、GJB 770A/B	发射药	性质性能
燃烧性能	Concept	发射药 / 性质性能 / 燃烧性能	发射药	性质性能
燃速	Concept	发射药 / 性质性能 / 燃烧性能 / 燃速	发射药	性质性能
燃速压力指数	Concept	发射药 / 性质性能 / 燃烧性能 / 燃速压力指数	发射药	性质性能
燃速温度系数	Concept	发射药 / 性质性能 / 燃烧性能 / 燃速温度系数	发射药	性质性能
力学性能	Concept	发射药 / 性质性能 / 力学性能	发射药	性质性能
弹性参数	Concept	发射药 / 性质性能 / 力学性能 / 弹性参数	发射药	性质性能
塑性参数	Concept	发射药 / 性质性能 / 力学性能 / 塑性参数	发射药	性质性能
动态力学试验	Concept	发射药 / 性质性能 / 力学性能 / 动态力学试验	发射药	性质性能
安全性能	Concept	发射药 / 性质性能 / 安全性能	发射药	性质性能
热分解稳定性	Concept	发射药 / 性质性能 / 安全性能 / 热分解稳定性	发射药	性质性能
撞击感度	Concept	发射药 / 性质性能 / 安全性能 / 撞击感度	发射药	性质性能
摩擦感度	Concept	发射药 / 性质性能 / 安全性能 / 摩擦感度	发射药	性质性能
爆发点	Concept	发射药 / 性质性能 / 安全性能 / 爆发点	发射药	性质性能
试验测试规范	Concept	发射药 / 性质性能 / 安全性能 / 试验测试规范	发射药	性质性能
储运老化性能	Concept	发射药 / 性质性能 / 储运老化性能	发射药	性质性能
相容性	Concept	发射药 / 性质性能 / 相容性	发射药	性质性能
结构	Facet	发射药 / 结构	发射药	结构
分子结构	Concept	发射药 / 结构 / 分子结构	发射药	结构
几何结构	Concept	发射药 / 结构 / 分子结构 / 几何结构	发射药	结构
链状结构	Concept	发射药 / 结构 / 分子结构 / 几何结构 / 链状结构	发射药	结构
环状结构	Concept	发射药 / 结构 / 分子结构 / 几何结构 / 环状结构	发射药	结构
电子结构	Concept	发射药 / 结构 / 分子结构 / 电子结构	发射药	结构
成键类型	Concept	发射药 / 结构 / 分子结构 / 电子结构 / 成键类型	发射药	结构
电子云分布	Concept	发射药 / 结构 / 分子结构 / 电子结构 / 电子云分布	发射药	结构
颗粒结构	Concept	发射药 / 结构 / 颗粒结构	发射药	结构
形貌	Concept	发射药 / 结构 / 颗粒结构 / 形貌	发射药	结构
球形	Concept	发射药 / 结构 / 颗粒结构 / 形貌 / 球形	发射药	结构
棒状	Concept	发射药 / 结构 / 颗粒结构 / 形貌 / 棒状	发射药	结构
d10/d50/d90粒径	Concept	发射药 / 结构 / 颗粒结构 / d10/d50/d90粒径	发射药	结构
包覆厚度/孔隙率	Concept	发射药 / 结构 / 颗粒结构 / 包覆厚度/孔隙率	发射药	结构
晶体结构	Concept	发射药 / 结构 / 晶体结构	发射药	结构
堆积结构	Concept	发射药 / 结构 / 晶体结构 / 堆积结构	发射药	结构
六方最密堆积	Concept	发射药 / 结构 / 晶体结构 / 堆积结构 / 六方最密堆积	发射药	结构
面心立方最密堆积	Concept	发射药 / 结构 / 晶体结构 / 堆积结构 / 面心立方最密堆积	发射药	结构
体心立方堆积	Concept	发射药 / 结构 / 晶体结构 / 堆积结构 / 体心立方堆积	发射药	结构
晶体形态	Concept	发射药 / 结构 / 晶体结构 / 晶体形态	发射药	结构
针状	Concept	发射药 / 结构 / 晶体结构 / 晶体形态 / 针状	发射药	结构
片状	Concept	发射药 / 结构 / 晶体结构 / 晶体形态 / 片状	发射药	结构
块状	Concept	发射药 / 结构 / 晶体结构 / 晶体形态 / 块状	发射药	结构
晶体缺陷	Concept	发射药 / 结构 / 晶体结构 / 晶体缺陷	发射药	结构
点缺陷	Concept	发射药 / 结构 / 晶体结构 / 晶体缺陷 / 点缺陷	发射药	结构
线缺陷	Concept	发射药 / 结构 / 晶体结构 / 晶体缺陷 / 线缺陷	发射药	结构
面缺陷	Concept	发射药 / 结构 / 晶体结构 / 晶体缺陷 / 面缺陷	发射药	结构
界面结构	Concept	发射药 / 结构 / 界面结构	发射药	结构
=== HHZY.xmind ===	System	=== HHZY.xmind ===	=== HHZY.xmind ===	
混合炸药	System	混合炸药	混合炸药	
混合炸药类别	Facet	混合炸药 / 混合炸药类别	混合炸药	混合炸药类别
按用户分类	Concept	混合炸药 / 混合炸药类别 / 按用户分类	混合炸药	混合炸药类别
军用混合炸药	Concept	混合炸药 / 混合炸药类别 / 按用户分类 / 军用混合炸药	混合炸药	混合炸药类别
民用混合炸药	Concept	混合炸药 / 混合炸药类别 / 按用户分类 / 民用混合炸药	混合炸药	混合炸药类别
按状态分类	Concept	混合炸药 / 混合炸药类别 / 按状态分类	混合炸药	混合炸药类别
固体混合炸药	Concept	混合炸药 / 混合炸药类别 / 按状态分类 / 固体混合炸药	混合炸药	混合炸药类别
液体混合炸药	Concept	混合炸药 / 混合炸药类别 / 按状态分类 / 液体混合炸药	混合炸药	混合炸药类别
气体爆炸混合物	Concept	混合炸药 / 混合炸药类别 / 按状态分类 / 气体爆炸混合物	混合炸药	混合炸药类别
按组成分类	Concept	混合炸药 / 混合炸药类别 / 按组成分类	混合炸药	混合炸药类别
炸药与添加剂混合	Concept	混合炸药 / 混合炸药类别 / 按组成分类 / 炸药与添加剂混合	混合炸药	混合炸药类别
氧化剂与可燃剂混合	Concept	混合炸药 / 混合炸药类别 / 按组成分类 / 氧化剂与可燃剂混合	混合炸药	混合炸药类别
按性能特点分类	Concept	混合炸药 / 混合炸药类别 / 按性能特点分类	混合炸药	混合炸药类别
高爆速混合炸药	Concept	混合炸药 / 混合炸药类别 / 按性能特点分类 / 高爆速混合炸药	混合炸药	混合炸药类别
高威力混合炸药	Concept	混合炸药 / 混合炸药类别 / 按性能特点分类 / 高威力混合炸药	混合炸药	混合炸药类别
高强度混合炸药	Concept	混合炸药 / 混合炸药类别 / 按性能特点分类 / 高强度混合炸药	混合炸药	混合炸药类别
耐热型混合炸药	Concept	混合炸药 / 混合炸药类别 / 按性能特点分类 / 耐热型混合炸药	混合炸药	混合炸药类别
不敏感混合炸药	Concept	混合炸药 / 混合炸药类别 / 按性能特点分类 / 不敏感混合炸药	混合炸药	混合炸药类别
低易损性混合炸药	Concept	混合炸药 / 混合炸药类别 / 按性能特点分类 / 低易损性混合炸药	混合炸药	混合炸药类别
按装药方法分类	Concept	混合炸药 / 混合炸药类别 / 按装药方法分类	混合炸药	混合炸药类别
压装型混合炸药	Concept	混合炸药 / 混合炸药类别 / 按装药方法分类 / 压装型混合炸药	混合炸药	混合炸药类别
熔铸型混合炸药	Concept	混合炸药 / 混合炸药类别 / 按装药方法分类 / 熔铸型混合炸药	混合炸药	混合炸药类别
浇铸固化型混合炸药	Concept	混合炸药 / 混合炸药类别 / 按装药方法分类 / 浇铸固化型混合炸药	混合炸药	混合炸药类别
塑态挤注型混合炸药	Concept	混合炸药 / 混合炸药类别 / 按装药方法分类 / 塑态挤注型混合炸药	混合炸药	混合炸药类别
结构	Facet	混合炸药 / 结构	混合炸药	结构
分子尺度结构	Concept	混合炸药 / 结构 / 分子尺度结构	混合炸药	结构
含能分子结构	Concept	混合炸药 / 结构 / 分子尺度结构 / 含能分子结构	混合炸药	结构
粘结剂高分子结构	Concept	混合炸药 / 结构 / 分子尺度结构 / 粘结剂高分子结构	混合炸药	结构
其它有机小分子结构	Concept	混合炸药 / 结构 / 分子尺度结构 / 其它有机小分子结构	混合炸药	结构
晶体尺度结构	Concept	混合炸药 / 结构 / 晶体尺度结构	混合炸药	结构
单晶结构	Concept	混合炸药 / 结构 / 晶体尺度结构 / 单晶结构	混合炸药	结构
多晶结构	Concept	混合炸药 / 结构 / 晶体尺度结构 / 多晶结构	混合炸药	结构
炸药颗粒结构	Concept	混合炸药 / 结构 / 炸药颗粒结构	混合炸药	结构
颗粒形状	Concept	混合炸药 / 结构 / 炸药颗粒结构 / 颗粒形状	混合炸药	结构
粒径分布	Concept	混合炸药 / 结构 / 炸药颗粒结构 / 粒径分布	混合炸药	结构
粒度	Concept	混合炸药 / 结构 / 炸药颗粒结构 / 粒度	混合炸药	结构
粗糙度	Concept	混合炸药 / 结构 / 炸药颗粒结构 / 粗糙度	混合炸药	结构
颗粒形貌	Concept	混合炸药 / 结构 / 炸药颗粒结构 / 颗粒形貌	混合炸药	结构
复合物结构	Concept	混合炸药 / 结构 / 复合物结构	混合炸药	结构
表面结构	Concept	混合炸药 / 结构 / 复合物结构 / 表面结构	混合炸药	结构
界面结构	Concept	混合炸药 / 结构 / 复合物结构 / 界面结构	混合炸药	结构
组分相互作用	Concept	混合炸药 / 结构 / 复合物结构 / 组分相互作用	混合炸药	结构
复合颗粒分布	Concept	混合炸药 / 结构 / 复合物结构 / 复合颗粒分布	混合炸药	结构
包覆密度	Concept	混合炸药 / 结构 / 复合物结构 / 包覆密度	混合炸药	结构
空隙率	Concept	混合炸药 / 结构 / 复合物结构 / 空隙率	混合炸药	结构
造型粉结构	Concept	混合炸药 / 结构 / 复合物结构 / 造型粉结构	混合炸药	结构
药柱结构	Concept	混合炸药 / 结构 / 复合物结构 / 药柱结构	混合炸药	结构
相关学科关联	Concept	混合炸药 / 结构 / 相关学科关联	混合炸药	结构
组成	Facet	混合炸药 / 组成	混合炸药	组成
含能组分	Concept	混合炸药 / 组成 / 含能组分	混合炸药	组成
炸药颗粒	Concept	混合炸药 / 组成 / 含能组分 / 炸药颗粒	混合炸药	组成
铝粉	Concept	混合炸药 / 组成 / 含能组分 / 铝粉	混合炸药	组成
添加组分	Concept	混合炸药 / 组成 / 添加组分	混合炸药	组成
粘结剂	Concept	混合炸药 / 组成 / 添加组分 / 粘结剂	混合炸药	组成
增塑剂	Concept	混合炸药 / 组成 / 添加组分 / 增塑剂	混合炸药	组成
钝感剂	Concept	混合炸药 / 组成 / 添加组分 / 钝感剂	混合炸药	组成
其它组分	Concept	混合炸药 / 组成 / 添加组分 / 其它组分	混合炸药	组成
相关学科关联	Concept	混合炸药 / 组成 / 相关学科关联	混合炸药	组成
混合炸药性能	Facet	混合炸药 / 混合炸药性能	混合炸药	混合炸药性能
基础物化性质	Concept	混合炸药 / 混合炸药性能 / 基础物化性质	混合炸药	混合炸药性能
密度	Concept	混合炸药 / 混合炸药性能 / 基础物化性质 / 密度	混合炸药	混合炸药性能
比重	Concept	混合炸药 / 混合炸药性能 / 基础物化性质 / 比重	混合炸药	混合炸药性能
样品状态	Concept	混合炸药 / 混合炸药性能 / 基础物化性质 / 样品状态	混合炸药	混合炸药性能
电导率	Concept	混合炸药 / 混合炸药性能 / 基础物化性质 / 电导率	混合炸药	混合炸药性能
粘度	Concept	混合炸药 / 混合炸药性能 / 基础物化性质 / 粘度	混合炸药	混合炸药性能
溶解性	Concept	混合炸药 / 混合炸药性能 / 基础物化性质 / 溶解性	混合炸药	混合炸药性能
吸湿性	Concept	混合炸药 / 混合炸药性能 / 基础物化性质 / 吸湿性	混合炸药	混合炸药性能
毒性	Concept	混合炸药 / 混合炸药性能 / 基础物化性质 / 毒性	混合炸药	混合炸药性能
热学性质	Concept	混合炸药 / 混合炸药性能 / 热学性质	混合炸药	混合炸药性能
比热容	Concept	混合炸药 / 混合炸药性能 / 热学性质 / 比热容	混合炸药	混合炸药性能
导热系数	Concept	混合炸药 / 混合炸药性能 / 热学性质 / 导热系数	混合炸药	混合炸药性能
热膨胀系数	Concept	混合炸药 / 混合炸药性能 / 热学性质 / 热膨胀系数	混合炸药	混合炸药性能
熔点	Concept	混合炸药 / 混合炸药性能 / 热学性质 / 熔点	混合炸药	混合炸药性能
热分解温度	Concept	混合炸药 / 混合炸药性能 / 热学性质 / 热分解温度	混合炸药	混合炸药性能
生成焓	Concept	混合炸药 / 混合炸药性能 / 热学性质 / 生成焓	混合炸药	混合炸药性能
燃烧焓	Concept	混合炸药 / 混合炸药性能 / 热学性质 / 燃烧焓	混合炸药	混合炸药性能
相容性	Concept	混合炸药 / 混合炸药性能 / 相容性	混合炸药	混合炸药性能
爆轰性能	Concept	混合炸药 / 混合炸药性能 / 爆轰性能	混合炸药	混合炸药性能
爆速	Concept	混合炸药 / 混合炸药性能 / 爆轰性能 / 爆速	混合炸药	混合炸药性能
爆压	Concept	混合炸药 / 混合炸药性能 / 爆轰性能 / 爆压	混合炸药	混合炸药性能
爆热	Concept	混合炸药 / 混合炸药性能 / 爆轰性能 / 爆热	混合炸药	混合炸药性能
爆温	Concept	混合炸药 / 混合炸药性能 / 爆轰性能 / 爆温	混合炸药	混合炸药性能
爆容	Concept	混合炸药 / 混合炸药性能 / 爆轰性能 / 爆容	混合炸药	混合炸药性能
爆炸威力	Concept	混合炸药 / 混合炸药性能 / 爆轰性能 / 爆炸威力	混合炸药	混合炸药性能
猛度	Concept	混合炸药 / 混合炸药性能 / 爆轰性能 / 猛度	混合炸药	混合炸药性能
金属加速能力	Concept	混合炸药 / 混合炸药性能 / 爆轰性能 / 金属加速能力	混合炸药	混合炸药性能
安全性	Concept	混合炸药 / 混合炸药性能 / 安全性	混合炸药	混合炸药性能
热感度	Concept	混合炸药 / 混合炸药性能 / 安全性 / 热感度	混合炸药	混合炸药性能
撞击感度	Concept	混合炸药 / 混合炸药性能 / 安全性 / 撞击感度	混合炸药	混合炸药性能
摩擦感度	Concept	混合炸药 / 混合炸药性能 / 安全性 / 摩擦感度	混合炸药	混合炸药性能
静电火花感度	Concept	混合炸药 / 混合炸药性能 / 安全性 / 静电火花感度	混合炸药	混合炸药性能
冲击波感度	Concept	混合炸药 / 混合炸药性能 / 安全性 / 冲击波感度	混合炸药	混合炸药性能
临界条件	Concept	混合炸药 / 混合炸药性能 / 安全性 / 临界条件	混合炸药	混合炸药性能
反应区宽度	Concept	混合炸药 / 混合炸药性能 / 安全性 / 反应区宽度	混合炸药	混合炸药性能
力学性能	Concept	混合炸药 / 混合炸药性能 / 力学性能	混合炸药	混合炸药性能
弹性参数	Concept	混合炸药 / 混合炸药性能 / 力学性能 / 弹性参数	混合炸药	混合炸药性能
塑性参数	Concept	混合炸药 / 混合炸药性能 / 力学性能 / 塑性参数	混合炸药	混合炸药性能
动态力学参数	Concept	混合炸药 / 混合炸药性能 / 力学性能 / 动态力学参数	混合炸药	混合炸药性能
储运性能	Concept	混合炸药 / 混合炸药性能 / 储运性能	混合炸药	混合炸药性能
储运稳定性	Concept	混合炸药 / 混合炸药性能 / 储运性能 / 储运稳定性	混合炸药	混合炸药性能
贮存寿命	Concept	混合炸药 / 混合炸药性能 / 储运性能 / 贮存寿命	混合炸药	混合炸药性能
性能预测模型	Concept	混合炸药 / 混合炸药性能 / 性能预测模型	混合炸药	混合炸药性能
数学模型	Concept	混合炸药 / 混合炸药性能 / 性能预测模型 / 数学模型	混合炸药	混合炸药性能
经验性模型	Concept	混合炸药 / 混合炸药性能 / 性能预测模型 / 经验性模型	混合炸药	混合炸药性能
分子动力学模型	Concept	混合炸药 / 混合炸药性能 / 性能预测模型 / 分子动力学模型	混合炸药	混合炸药性能
粗粒化模型	Concept	混合炸药 / 混合炸药性能 / 性能预测模型 / 粗粒化模型	混合炸药	混合炸药性能
相场模型	Concept	混合炸药 / 混合炸药性能 / 性能预测模型 / 相场模型	混合炸药	混合炸药性能
有限元模型	Concept	混合炸药 / 混合炸药性能 / 性能预测模型 / 有限元模型	混合炸药	混合炸药性能
相关学科关联	Concept	混合炸药 / 混合炸药性能 / 相关学科关联	混合炸药	混合炸药性能
混合炸药性能匹配设计方法	Facet	混合炸药 / 混合炸药性能匹配设计方法	混合炸药	混合炸药性能匹配设计方法
性能参数理论计算	Concept	混合炸药 / 混合炸药性能匹配设计方法 / 性能参数理论计算	混合炸药	混合炸药性能匹配设计方法
热化学参数计算	Concept	混合炸药 / 混合炸药性能匹配设计方法 / 性能参数理论计算 / 热化学参数计算	混合炸药	混合炸药性能匹配设计方法
爆轰参数理论计算	Concept	混合炸药 / 混合炸药性能匹配设计方法 / 性能参数理论计算 / 爆轰参数理论计算	混合炸药	混合炸药性能匹配设计方法
感度参数理论计算	Concept	混合炸药 / 混合炸药性能匹配设计方法 / 性能参数理论计算 / 感度参数理论计算	混合炸药	混合炸药性能匹配设计方法
组分设计数学模型	Concept	混合炸药 / 混合炸药性能匹配设计方法 / 组分设计数学模型	混合炸药	混合炸药性能匹配设计方法
零氧平衡原则	Concept	混合炸药 / 混合炸药性能匹配设计方法 / 组分设计数学模型 / 零氧平衡原则	混合炸药	混合炸药性能匹配设计方法
最大放热原则	Concept	混合炸药 / 混合炸药性能匹配设计方法 / 组分设计数学模型 / 最大放热原则	混合炸药	混合炸药性能匹配设计方法
线性规划求解	Concept	混合炸药 / 混合炸药性能匹配设计方法 / 组分设计数学模型 / 线性规划求解	混合炸药	混合炸药性能匹配设计方法
分子动力学模拟	Concept	混合炸药 / 混合炸药性能匹配设计方法 / 分子动力学模拟	混合炸药	混合炸药性能匹配设计方法
分子间相互作用	Concept	混合炸药 / 混合炸药性能匹配设计方法 / 分子动力学模拟 / 分子间相互作用	混合炸药	混合炸药性能匹配设计方法
结构-性能关系	Concept	混合炸药 / 混合炸药性能匹配设计方法 / 分子动力学模拟 / 结构-性能关系	混合炸药	混合炸药性能匹配设计方法
实验测试优化	Concept	混合炸药 / 混合炸药性能匹配设计方法 / 实验测试优化	混合炸药	混合炸药性能匹配设计方法
爆炸性能测试	Concept	混合炸药 / 混合炸药性能匹配设计方法 / 实验测试优化 / 爆炸性能测试	混合炸药	混合炸药性能匹配设计方法
安定性相容性测试	Concept	混合炸药 / 混合炸药性能匹配设计方法 / 实验测试优化 / 安定性相容性测试	混合炸药	混合炸药性能匹配设计方法
力学性能测试	Concept	混合炸药 / 混合炸药性能匹配设计方法 / 实验测试优化 / 力学性能测试	混合炸药	混合炸药性能匹配设计方法
环境适应性测试	Concept	混合炸药 / 混合炸药性能匹配设计方法 / 实验测试优化 / 环境适应性测试	混合炸药	混合炸药性能匹配设计方法
其它实验测试	Concept	混合炸药 / 混合炸药性能匹配设计方法 / 实验测试优化 / 其它实验测试	混合炸药	混合炸药性能匹配设计方法
新策略	Concept	混合炸药 / 混合炸药性能匹配设计方法 / 新策略	混合炸药	混合炸药性能匹配设计方法
材料信息学	Concept	混合炸药 / 混合炸药性能匹配设计方法 / 新策略 / 材料信息学	混合炸药	混合炸药性能匹配设计方法
材料基因组	Concept	混合炸药 / 混合炸药性能匹配设计方法 / 新策略 / 材料基因组	混合炸药	混合炸药性能匹配设计方法
人工智能	Concept	混合炸药 / 混合炸药性能匹配设计方法 / 新策略 / 人工智能	混合炸药	混合炸药性能匹配设计方法
应用场景	Facet	混合炸药 / 应用场景	混合炸药	应用场景
军事应用	Concept	混合炸药 / 应用场景 / 军事应用	混合炸药	应用场景
弹药装填	Concept	混合炸药 / 应用场景 / 军事应用 / 弹药装填	混合炸药	应用场景
导弹战斗部	Concept	混合炸药 / 应用场景 / 军事应用 / 导弹战斗部	混合炸药	应用场景
军事爆破	Concept	混合炸药 / 应用场景 / 军事应用 / 军事爆破	混合炸药	应用场景
航空航天应用	Concept	混合炸药 / 应用场景 / 航空航天应用	混合炸药	应用场景
爆破作业	Concept	混合炸药 / 应用场景 / 航空航天应用 / 爆破作业	混合炸药	应用场景
民用工业应用	Concept	混合炸药 / 应用场景 / 民用工业应用	混合炸药	应用场景
工程爆破	Concept	混合炸药 / 应用场景 / 民用工业应用 / 工程爆破	混合炸药	应用场景
聚能切割	Concept	混合炸药 / 应用场景 / 民用工业应用 / 聚能切割	混合炸药	应用场景
地质勘探	Concept	混合炸药 / 应用场景 / 民用工业应用 / 地质勘探	混合炸药	应用场景
安全监管	Facet	混合炸药 / 安全监管	混合炸药	安全监管
生产环节监管	Concept	混合炸药 / 安全监管 / 生产环节监管	混合炸药	安全监管
生产工艺流程控制	Concept	混合炸药 / 安全监管 / 生产环节监管 / 生产工艺流程控制	混合炸药	安全监管
安全生产管理体系	Concept	混合炸药 / 安全监管 / 生产环节监管 / 安全生产管理体系	混合炸药	安全监管
生产流程安全性	Concept	混合炸药 / 安全监管 / 生产环节监管 / 生产流程安全性	混合炸药	安全监管
三废处置	Concept	混合炸药 / 安全监管 / 生产环节监管 / 三废处置	混合炸药	安全监管
运输环节监管	Concept	混合炸药 / 安全监管 / 运输环节监管	混合炸药	安全监管
运输车辆检查	Concept	混合炸药 / 安全监管 / 运输环节监管 / 运输车辆检查	混合炸药	安全监管
运输规范	Concept	混合炸药 / 安全监管 / 运输环节监管 / 运输规范	混合炸药	安全监管
储存环节监管	Concept	混合炸药 / 安全监管 / 储存环节监管	混合炸药	安全监管
储存条件保障	Concept	混合炸药 / 安全监管 / 储存环节监管 / 储存条件保障	混合炸药	安全监管
库存管理	Concept	混合炸药 / 安全监管 / 储存环节监管 / 库存管理	混合炸药	安全监管
使用环节监管	Concept	混合炸药 / 安全监管 / 使用环节监管	混合炸药	安全监管
操作规范	Concept	混合炸药 / 安全监管 / 使用环节监管 / 操作规范	混合炸药	安全监管
危险源辨识	Concept	混合炸药 / 安全监管 / 使用环节监管 / 危险源辨识	混合炸药	安全监管
现场安全管理	Concept	混合炸药 / 安全监管 / 使用环节监管 / 现场安全管理	混合炸药	安全监管
培训检查演练	Concept	混合炸药 / 安全监管 / 培训检查演练	混合炸药	安全监管
安全教育培训	Concept	混合炸药 / 安全监管 / 培训检查演练 / 安全教育培训	混合炸药	安全监管
安全检查	Concept	混合炸药 / 安全监管 / 培训检查演练 / 安全检查	混合炸药	安全监管
隐患排查治理	Concept	混合炸药 / 安全监管 / 培训检查演练 / 隐患排查治理	混合炸药	安全监管
应急预案与演练	Concept	混合炸药 / 安全监管 / 培训检查演练 / 应急预案与演练	混合炸药	安全监管
安全监管法规	Concept	混合炸药 / 安全监管 / 安全监管法规	混合炸药	安全监管
生产许可和监管	Concept	混合炸药 / 安全监管 / 安全监管法规 / 生产许可和监管	混合炸药	安全监管
工艺设备安全要求	Concept	混合炸药 / 安全监管 / 安全监管法规 / 工艺设备安全要求	混合炸药	安全监管
安全责任体系	Concept	混合炸药 / 安全监管 / 安全监管法规 / 安全责任体系	混合炸药	安全监管
制备加工	Facet	混合炸药 / 制备加工	混合炸药	制备加工
成型加工工艺	Concept	混合炸药 / 制备加工 / 成型加工工艺	混合炸药	制备加工
熔铸成型加工工艺	Concept	混合炸药 / 制备加工 / 成型加工工艺 / 熔铸成型加工工艺	混合炸药	制备加工
熔铸载体加热熔化工艺	Concept	混合炸药 / 制备加工 / 成型加工工艺 / 熔铸成型加工工艺 / 熔铸载体加热熔化工艺	混合炸药	制备加工
炸药颗粒悬浮液混合工艺	Concept	混合炸药 / 制备加工 / 成型加工工艺 / 熔铸成型加工工艺 / 炸药颗粒悬浮液混合工艺	混合炸药	制备加工
炸药悬浮熔体浇铸工艺	Concept	混合炸药 / 制备加工 / 成型加工工艺 / 熔铸成型加工工艺 / 炸药悬浮熔体浇铸工艺	混合炸药	制备加工
熔体冷却凝固成型工艺	Concept	混合炸药 / 制备加工 / 成型加工工艺 / 熔铸成型加工工艺 / 熔体冷却凝固成型工艺	混合炸药	制备加工
压制成型加工工艺	Concept	混合炸药 / 制备加工 / 成型加工工艺 / 压制成型加工工艺	混合炸药	制备加工
炸药造型粉制造工艺	Concept	混合炸药 / 制备加工 / 成型加工工艺 / 压制成型加工工艺 / 炸药造型粉制造工艺	混合炸药	制备加工
模压成型工艺	Concept	混合炸药 / 制备加工 / 成型加工工艺 / 压制成型加工工艺 / 模压成型工艺	混合炸药	制备加工
等静压技术	Concept	混合炸药 / 制备加工 / 成型加工工艺 / 压制成型加工工艺 / 等静压技术	混合炸药	制备加工
固化反应型成型加工工艺	Concept	混合炸药 / 制备加工 / 成型加工工艺 / 固化反应型成型加工工艺	混合炸药	制备加工
真空振动浇铸法	Concept	混合炸药 / 制备加工 / 成型加工工艺 / 固化反应型成型加工工艺 / 真空振动浇铸法	混合炸药	制备加工
压力成型法	Concept	混合炸药 / 制备加工 / 成型加工工艺 / 固化反应型成型加工工艺 / 压力成型法	混合炸药	制备加工
浇铸-胶化法	Concept	混合炸药 / 制备加工 / 成型加工工艺 / 固化反应型成型加工工艺 / 浇铸-胶化法	混合炸药	制备加工
混合-机械成型法	Concept	混合炸药 / 制备加工 / 成型加工工艺 / 固化反应型成型加工工艺 / 混合-机械成型法	混合炸药	制备加工
车削加工切割工艺	Concept	混合炸药 / 制备加工 / 成型加工工艺 / 车削加工切割工艺	混合炸药	制备加工
车削加工	Concept	混合炸药 / 制备加工 / 成型加工工艺 / 车削加工切割工艺 / 车削加工	混合炸药	制备加工
水射流切割技术	Concept	混合炸药 / 制备加工 / 成型加工工艺 / 车削加工切割工艺 / 水射流切割技术	混合炸药	制备加工
激光切割技术	Concept	混合炸药 / 制备加工 / 成型加工工艺 / 车削加工切割工艺 / 激光切割技术	混合炸药	制备加工
特殊压装装药成型加工工艺	Concept	混合炸药 / 制备加工 / 成型加工工艺 / 特殊压装装药成型加工工艺	混合炸药	制备加工
分次压装装药工艺	Concept	混合炸药 / 制备加工 / 成型加工工艺 / 特殊压装装药成型加工工艺 / 分次压装装药工艺	混合炸药	制备加工
螺旋装药成型工艺	Concept	混合炸药 / 制备加工 / 成型加工工艺 / 特殊压装装药成型加工工艺 / 螺旋装药成型工艺	混合炸药	制备加工
分步压装装药成型工艺	Concept	混合炸药 / 制备加工 / 成型加工工艺 / 特殊压装装药成型加工工艺 / 分步压装装药成型工艺	混合炸药	制备加工
增材制造技术	Concept	混合炸药 / 制备加工 / 成型加工工艺 / 增材制造技术	混合炸药	制备加工
3D 打印	Concept	混合炸药 / 制备加工 / 成型加工工艺 / 增材制造技术 / 3D 打印	混合炸药	制备加工
其它技术	Concept	混合炸药 / 制备加工 / 成型加工工艺 / 增材制造技术 / 其它技术	混合炸药	制备加工
工艺设计	Concept	混合炸药 / 制备加工 / 工艺设计	混合炸药	制备加工
熔铸工艺设计	Concept	混合炸药 / 制备加工 / 工艺设计 / 熔铸工艺设计	混合炸药	制备加工
复合工艺设计	Concept	混合炸药 / 制备加工 / 工艺设计 / 复合工艺设计	混合炸药	制备加工
造粒工艺设计	Concept	混合炸药 / 制备加工 / 工艺设计 / 造粒工艺设计	混合炸药	制备加工
压制工艺设计	Concept	混合炸药 / 制备加工 / 工艺设计 / 压制工艺设计	混合炸药	制备加工
机加工艺设计	Concept	混合炸药 / 制备加工 / 工艺设计 / 机加工艺设计	混合炸药	制备加工
质量控制	Concept	混合炸药 / 制备加工 / 质量控制	混合炸药	制备加工
熔铸质量控制	Concept	混合炸药 / 制备加工 / 质量控制 / 熔铸质量控制	混合炸药	制备加工
复合质量控制	Concept	混合炸药 / 制备加工 / 质量控制 / 复合质量控制	混合炸药	制备加工
造粒质量控制	Concept	混合炸药 / 制备加工 / 质量控制 / 造粒质量控制	混合炸药	制备加工
压制质量控制	Concept	混合炸药 / 制备加工 / 质量控制 / 压制质量控制	混合炸药	制备加工
机加质量控制	Concept	混合炸药 / 制备加工 / 质量控制 / 机加质量控制	混合炸药	制备加工
工艺参数控制	Concept	混合炸药 / 制备加工 / 工艺参数控制	混合炸药	制备加工
熔铸工艺参数	Concept	混合炸药 / 制备加工 / 工艺参数控制 / 熔铸工艺参数	混合炸药	制备加工
复合工艺参数	Concept	混合炸药 / 制备加工 / 工艺参数控制 / 复合工艺参数	混合炸药	制备加工
造粒工艺参数	Concept	混合炸药 / 制备加工 / 工艺参数控制 / 造粒工艺参数	混合炸药	制备加工
压制工艺参数	Concept	混合炸药 / 制备加工 / 工艺参数控制 / 压制工艺参数	混合炸药	制备加工
机加工艺参数	Concept	混合炸药 / 制备加工 / 工艺参数控制 / 机加工艺参数	混合炸药	制备加工
安全防护	Concept	混合炸药 / 制备加工 / 安全防护	混合炸药	制备加工
熔铸安全防护	Concept	混合炸药 / 制备加工 / 安全防护 / 熔铸安全防护	混合炸药	制备加工
复合安全防护	Concept	混合炸药 / 制备加工 / 安全防护 / 复合安全防护	混合炸药	制备加工
造粒安全防护	Concept	混合炸药 / 制备加工 / 安全防护 / 造粒安全防护	混合炸药	制备加工
压制安全防护	Concept	混合炸药 / 制备加工 / 安全防护 / 压制安全防护	混合炸药	制备加工
机加安全防护	Concept	混合炸药 / 制备加工 / 安全防护 / 机加安全防护	混合炸药	制备加工
相关学科关联	Concept	混合炸药 / 制备加工 / 相关学科关联	混合炸药	制备加工
=== ZSTX.xmind ===	System	=== ZSTX.xmind ===	=== ZSTX.xmind ===	
火工药剂	System	火工药剂	火工药剂	
应用场景	Facet	火工药剂 / 应用场景	火工药剂	应用场景
起爆	Concept	火工药剂 / 应用场景 / 起爆	火工药剂	应用场景
传爆	Concept	火工药剂 / 应用场景 / 传爆	火工药剂	应用场景
点火	Concept	火工药剂 / 应用场景 / 点火	火工药剂	应用场景
传火	Concept	火工药剂 / 应用场景 / 传火	火工药剂	应用场景
延期	Concept	火工药剂 / 应用场景 / 延期	火工药剂	应用场景
航天动力源	Concept	火工药剂 / 应用场景 / 航天动力源	火工药剂	应用场景
特种效应	Concept	火工药剂 / 应用场景 / 特种效应	火工药剂	应用场景
遮蔽	Concept	火工药剂 / 应用场景 / 特种效应 / 遮蔽	火工药剂	应用场景
诱饵	Concept	火工药剂 / 应用场景 / 特种效应 / 诱饵	火工药剂	应用场景
曳光	Concept	火工药剂 / 应用场景 / 特种效应 / 曳光	火工药剂	应用场景
燃烧	Concept	火工药剂 / 应用场景 / 特种效应 / 燃烧	火工药剂	应用场景
产气	Concept	火工药剂 / 应用场景 / 特种效应 / 产气	火工药剂	应用场景
其他	Concept	火工药剂 / 应用场景 / 特种效应 / 其他	火工药剂	应用场景
其他	Concept	火工药剂 / 应用场景 / 其他	火工药剂	应用场景
组成	Facet	火工药剂 / 组成	火工药剂	组成
氧化剂	Concept	火工药剂 / 组成 / 氧化剂	火工药剂	组成
金属无机盐	Concept	火工药剂 / 组成 / 氧化剂 / 金属无机盐	火工药剂	组成
金属氧化物	Concept	火工药剂 / 组成 / 氧化剂 / 金属氧化物	火工药剂	组成
其他氧化剂	Concept	火工药剂 / 组成 / 氧化剂 / 其他氧化剂	火工药剂	组成
还原剂	Concept	火工药剂 / 组成 / 还原剂	火工药剂	组成
金属	Concept	火工药剂 / 组成 / 还原剂 / 金属	火工药剂	组成
非金属	Concept	火工药剂 / 组成 / 还原剂 / 非金属	火工药剂	组成
粘合剂	Concept	火工药剂 / 组成 / 粘合剂	火工药剂	组成
高分子材料	Concept	火工药剂 / 组成 / 粘合剂 / 高分子材料	火工药剂	组成
树脂	Concept	火工药剂 / 组成 / 粘合剂 / 树脂	火工药剂	组成
聚合物	Concept	火工药剂 / 组成 / 粘合剂 / 聚合物	火工药剂	组成
其他	Concept	火工药剂 / 组成 / 粘合剂 / 其他	火工药剂	组成
添加剂	Concept	火工药剂 / 组成 / 添加剂	火工药剂	组成
敏化剂	Concept	火工药剂 / 组成 / 添加剂 / 敏化剂	火工药剂	组成
催化剂	Concept	火工药剂 / 组成 / 添加剂 / 催化剂	火工药剂	组成
固化剂	Concept	火工药剂 / 组成 / 添加剂 / 固化剂	火工药剂	组成
其他	Concept	火工药剂 / 组成 / 添加剂 / 其他	火工药剂	组成
结构	Facet	火工药剂 / 结构	火工药剂	结构
分子结构	Concept	火工药剂 / 结构 / 分子结构	火工药剂	结构
几何结构	Concept	火工药剂 / 结构 / 分子结构 / 几何结构	火工药剂	结构
电子结构	Concept	火工药剂 / 结构 / 分子结构 / 电子结构	火工药剂	结构
晶体结构	Concept	火工药剂 / 结构 / 晶体结构	火工药剂	结构
堆积结构	Concept	火工药剂 / 结构 / 晶体结构 / 堆积结构	火工药剂	结构
晶体形态	Concept	火工药剂 / 结构 / 晶体结构 / 晶体形态	火工药剂	结构
晶体缺陷	Concept	火工药剂 / 结构 / 晶体结构 / 晶体缺陷	火工药剂	结构
界面结构	Concept	火工药剂 / 结构 / 界面结构	火工药剂	结构
碳/金属复合材料界面	Concept	火工药剂 / 结构 / 界面结构 / 碳/金属复合材料界面	火工药剂	结构
金属/金属材料界面	Concept	火工药剂 / 结构 / 界面结构 / 金属/金属材料界面	火工药剂	结构
界面能量和结构	Concept	火工药剂 / 结构 / 界面结构 / 界面能量和结构	火工药剂	结构
异质材料界面	Concept	火工药剂 / 结构 / 界面结构 / 异质材料界面	火工药剂	结构
复合材料界面	Concept	火工药剂 / 结构 / 界面结构 / 复合材料界面	火工药剂	结构
合成制备	Facet	火工药剂 / 合成制备	火工药剂	合成制备
工艺路线	Concept	火工药剂 / 合成制备 / 工艺路线	火工药剂	合成制备
起爆药	Concept	火工药剂 / 合成制备 / 工艺路线 / 起爆药	火工药剂	合成制备
原材料准备与预处理	Concept	火工药剂 / 合成制备 / 工艺路线 / 起爆药 / 原材料准备与预处理	火工药剂	合成制备
原材料预处理	Concept	火工药剂 / 合成制备 / 工艺路线 / 起爆药 / 原材料准备与预处理 / 原材料预处理	火工药剂	合成制备
关键安全控制点	Concept	火工药剂 / 合成制备 / 工艺路线 / 起爆药 / 原材料准备与预处理 / 关键安全控制点	火工药剂	合成制备
关键质量控制点	Concept	火工药剂 / 合成制备 / 工艺路线 / 起爆药 / 原材料准备与预处理 / 关键质量控制点	火工药剂	合成制备
执行标准	Concept	火工药剂 / 合成制备 / 工艺路线 / 起爆药 / 原材料准备与预处理 / 执行标准	火工药剂	合成制备
物料纯化	Concept	火工药剂 / 合成制备 / 工艺路线 / 起爆药 / 物料纯化	火工药剂	合成制备
冷却结晶	Concept	火工药剂 / 合成制备 / 工艺路线 / 起爆药 / 物料纯化 / 冷却结晶	火工药剂	合成制备
反应重结晶	Concept	火工药剂 / 合成制备 / 工艺路线 / 起爆药 / 物料纯化 / 反应重结晶	火工药剂	合成制备
溶剂非溶剂结晶	Concept	火工药剂 / 合成制备 / 工艺路线 / 起爆药 / 物料纯化 / 溶剂非溶剂结晶	火工药剂	合成制备
其他	Concept	火工药剂 / 合成制备 / 工艺路线 / 起爆药 / 物料纯化 / 其他	火工药剂	合成制备
核心反应类型	Concept	火工药剂 / 合成制备 / 工艺路线 / 起爆药 / 核心反应类型	火工药剂	合成制备
复分解	Concept	火工药剂 / 合成制备 / 工艺路线 / 起爆药 / 核心反应类型 / 复分解	火工药剂	合成制备
氧化还原	Concept	火工药剂 / 合成制备 / 工艺路线 / 起爆药 / 核心反应类型 / 氧化还原	火工药剂	合成制备
配位	Concept	火工药剂 / 合成制备 / 工艺路线 / 起爆药 / 核心反应类型 / 配位	火工药剂	合成制备
酸碱中和	Concept	火工药剂 / 合成制备 / 工艺路线 / 起爆药 / 核心反应类型 / 酸碱中和	火工药剂	合成制备
其他	Concept	火工药剂 / 合成制备 / 工艺路线 / 起爆药 / 核心反应类型 / 其他	火工药剂	合成制备
后处理	Concept	火工药剂 / 合成制备 / 工艺路线 / 起爆药 / 后处理	火工药剂	合成制备
过滤洗涤	Concept	火工药剂 / 合成制备 / 工艺路线 / 起爆药 / 后处理 / 过滤洗涤	火工药剂	合成制备
有机溶剂	Concept	火工药剂 / 合成制备 / 工艺路线 / 起爆药 / 后处理 / 过滤洗涤 / 有机溶剂	火工药剂	合成制备
水	Concept	火工药剂 / 合成制备 / 工艺路线 / 起爆药 / 后处理 / 过滤洗涤 / 水	火工药剂	合成制备
干燥	Concept	火工药剂 / 合成制备 / 工艺路线 / 起爆药 / 后处理 / 干燥	火工药剂	合成制备
热风干燥	Concept	火工药剂 / 合成制备 / 工艺路线 / 起爆药 / 后处理 / 干燥 / 热风干燥	火工药剂	合成制备
烘箱干燥	Concept	火工药剂 / 合成制备 / 工艺路线 / 起爆药 / 后处理 / 干燥 / 烘箱干燥	火工药剂	合成制备
冷冻干燥	Concept	火工药剂 / 合成制备 / 工艺路线 / 起爆药 / 后处理 / 干燥 / 冷冻干燥	火工药剂	合成制备
其他	Concept	火工药剂 / 合成制备 / 工艺路线 / 起爆药 / 后处理 / 干燥 / 其他	火工药剂	合成制备
三废处理	Concept	火工药剂 / 合成制备 / 工艺路线 / 起爆药 / 后处理 / 三废处理	火工药剂	合成制备
废气	Concept	火工药剂 / 合成制备 / 工艺路线 / 起爆药 / 后处理 / 三废处理 / 废气	火工药剂	合成制备
废水	Concept	火工药剂 / 合成制备 / 工艺路线 / 起爆药 / 后处理 / 三废处理 / 废水	火工药剂	合成制备
废渣	Concept	火工药剂 / 合成制备 / 工艺路线 / 起爆药 / 后处理 / 三废处理 / 废渣	火工药剂	合成制备
典型工艺路线与标准规范	Concept	火工药剂 / 合成制备 / 工艺路线 / 起爆药 / 典型工艺路线与标准规范	火工药剂	合成制备
间歇式反应	Concept	火工药剂 / 合成制备 / 工艺路线 / 起爆药 / 典型工艺路线与标准规范 / 间歇式反应	火工药剂	合成制备
微流控连续反应	Concept	火工药剂 / 合成制备 / 工艺路线 / 起爆药 / 典型工艺路线与标准规范 / 微流控连续反应	火工药剂	合成制备
混合药	Concept	火工药剂 / 合成制备 / 工艺路线 / 混合药	火工药剂	合成制备
原材料准备与预处理	Concept	火工药剂 / 合成制备 / 工艺路线 / 混合药 / 原材料准备与预处理	火工药剂	合成制备
原材料预处理	Concept	火工药剂 / 合成制备 / 工艺路线 / 混合药 / 原材料准备与预处理 / 原材料预处理	火工药剂	合成制备
细化	Concept	火工药剂 / 合成制备 / 工艺路线 / 混合药 / 原材料准备与预处理 / 原材料预处理 / 细化	火工药剂	合成制备
级配	Concept	火工药剂 / 合成制备 / 工艺路线 / 混合药 / 原材料准备与预处理 / 原材料预处理 / 级配	火工药剂	合成制备
关键安全控制点	Concept	火工药剂 / 合成制备 / 工艺路线 / 混合药 / 原材料准备与预处理 / 关键安全控制点	火工药剂	合成制备
关键质量控制点	Concept	火工药剂 / 合成制备 / 工艺路线 / 混合药 / 原材料准备与预处理 / 关键质量控制点	火工药剂	合成制备
核心混合类型	Concept	火工药剂 / 合成制备 / 工艺路线 / 混合药 / 核心混合类型	火工药剂	合成制备
干混	Concept	火工药剂 / 合成制备 / 工艺路线 / 混合药 / 核心混合类型 / 干混	火工药剂	合成制备
湿混	Concept	火工药剂 / 合成制备 / 工艺路线 / 混合药 / 核心混合类型 / 湿混	火工药剂	合成制备
重力混	Concept	火工药剂 / 合成制备 / 工艺路线 / 混合药 / 核心混合类型 / 重力混	火工药剂	合成制备
搅拌混合	Concept	火工药剂 / 合成制备 / 工艺路线 / 混合药 / 核心混合类型 / 搅拌混合	火工药剂	合成制备
其他	Concept	火工药剂 / 合成制备 / 工艺路线 / 混合药 / 核心混合类型 / 其他	火工药剂	合成制备
造粒	Concept	火工药剂 / 合成制备 / 工艺路线 / 混合药 / 造粒	火工药剂	合成制备
粒度控制	Concept	火工药剂 / 合成制备 / 工艺路线 / 混合药 / 造粒 / 粒度控制	火工药剂	合成制备
溶液比	Concept	火工药剂 / 合成制备 / 工艺路线 / 混合药 / 造粒 / 溶液比	火工药剂	合成制备
其他	Concept	火工药剂 / 合成制备 / 工艺路线 / 混合药 / 造粒 / 其他	火工药剂	合成制备
产后处理	Concept	火工药剂 / 合成制备 / 工艺路线 / 混合药 / 产后处理	火工药剂	合成制备
筛分	Concept	火工药剂 / 合成制备 / 工艺路线 / 混合药 / 产后处理 / 筛分	火工药剂	合成制备
驱溶	Concept	火工药剂 / 合成制备 / 工艺路线 / 混合药 / 产后处理 / 驱溶	火工药剂	合成制备
老化	Concept	火工药剂 / 合成制备 / 工艺路线 / 混合药 / 产后处理 / 老化	火工药剂	合成制备
三废处理	Concept	火工药剂 / 合成制备 / 工艺路线 / 混合药 / 产后处理 / 三废处理	火工药剂	合成制备
典型工艺路线与标准规范	Concept	火工药剂 / 合成制备 / 工艺路线 / 混合药 / 典型工艺路线与标准规范	火工药剂	合成制备
典型设备	Concept	火工药剂 / 合成制备 / 典型设备	火工药剂	合成制备
起爆药	Concept	火工药剂 / 合成制备 / 典型设备 / 起爆药	火工药剂	合成制备
配料系统	Concept	火工药剂 / 合成制备 / 典型设备 / 起爆药 / 配料系统	火工药剂	合成制备
加料系统	Concept	火工药剂 / 合成制备 / 典型设备 / 起爆药 / 加料系统	火工药剂	合成制备
温控系统	Concept	火工药剂 / 合成制备 / 典型设备 / 起爆药 / 温控系统	火工药剂	合成制备
化合系统	Concept	火工药剂 / 合成制备 / 典型设备 / 起爆药 / 化合系统	火工药剂	合成制备
过滤洗涤系统	Concept	火工药剂 / 合成制备 / 典型设备 / 起爆药 / 过滤洗涤系统	火工药剂	合成制备
干燥系统	Concept	火工药剂 / 合成制备 / 典型设备 / 起爆药 / 干燥系统	火工药剂	合成制备
筛分装盒系统	Concept	火工药剂 / 合成制备 / 典型设备 / 起爆药 / 筛分装盒系统	火工药剂	合成制备
动力源系统	Concept	火工药剂 / 合成制备 / 典型设备 / 起爆药 / 动力源系统	火工药剂	合成制备
热水系统	Concept	火工药剂 / 合成制备 / 典型设备 / 起爆药 / 热水系统	火工药剂	合成制备
辅助系统	Concept	火工药剂 / 合成制备 / 典型设备 / 起爆药 / 辅助系统	火工药剂	合成制备
混合药	Concept	火工药剂 / 合成制备 / 典型设备 / 混合药	火工药剂	合成制备
称量系统	Concept	火工药剂 / 合成制备 / 典型设备 / 混合药 / 称量系统	火工药剂	合成制备
加料系统	Concept	火工药剂 / 合成制备 / 典型设备 / 混合药 / 加料系统	火工药剂	合成制备
混合系统	Concept	火工药剂 / 合成制备 / 典型设备 / 混合药 / 混合系统	火工药剂	合成制备
造粒系统	Concept	火工药剂 / 合成制备 / 典型设备 / 混合药 / 造粒系统	火工药剂	合成制备
筛分系统	Concept	火工药剂 / 合成制备 / 典型设备 / 混合药 / 筛分系统	火工药剂	合成制备
干燥系统	Concept	火工药剂 / 合成制备 / 典型设备 / 混合药 / 干燥系统	火工药剂	合成制备
动力源系统	Concept	火工药剂 / 合成制备 / 典型设备 / 混合药 / 动力源系统	火工药剂	合成制备
热水系统	Concept	火工药剂 / 合成制备 / 典型设备 / 混合药 / 热水系统	火工药剂	合成制备
控制系统	Concept	火工药剂 / 合成制备 / 典型设备 / 混合药 / 控制系统	火工药剂	合成制备
辅助系统	Concept	火工药剂 / 合成制备 / 典型设备 / 混合药 / 辅助系统	火工药剂	合成制备
结晶	Concept	火工药剂 / 合成制备 / 结晶	火工药剂	合成制备
结晶方式	Concept	火工药剂 / 合成制备 / 结晶 / 结晶方式	火工药剂	合成制备
反应结晶	Concept	火工药剂 / 合成制备 / 结晶 / 结晶方式 / 反应结晶	火工药剂	合成制备
冷却结晶	Concept	火工药剂 / 合成制备 / 结晶 / 结晶方式 / 冷却结晶	火工药剂	合成制备
溶剂非溶剂结晶	Concept	火工药剂 / 合成制备 / 结晶 / 结晶方式 / 溶剂非溶剂结晶	火工药剂	合成制备
其他	Concept	火工药剂 / 合成制备 / 结晶 / 结晶方式 / 其他	火工药剂	合成制备
晶体调控	Concept	火工药剂 / 合成制备 / 结晶 / 晶体调控	火工药剂	合成制备
晶型调控剂	Concept	火工药剂 / 合成制备 / 结晶 / 晶体调控 / 晶型调控剂	火工药剂	合成制备
晶体诱发剂	Concept	火工药剂 / 合成制备 / 结晶 / 晶体调控 / 晶体诱发剂	火工药剂	合成制备
工艺调控	Concept	火工药剂 / 合成制备 / 结晶 / 晶体调控 / 工艺调控	火工药剂	合成制备
溶剂非溶剂结晶	Concept	火工药剂 / 合成制备 / 结晶 / 溶剂非溶剂结晶	火工药剂	合成制备
其他	Concept	火工药剂 / 合成制备 / 结晶 / 其他	火工药剂	合成制备
性质性能	Facet	火工药剂 / 性质性能	火工药剂	性质性能
基础理化性质	Concept	火工药剂 / 性质性能 / 基础理化性质	火工药剂	性质性能
状态与颜色	Concept	火工药剂 / 性质性能 / 基础理化性质 / 状态与颜色	火工药剂	性质性能
熔点	Concept	火工药剂 / 性质性能 / 基础理化性质 / 熔点	火工药剂	性质性能
密度	Concept	火工药剂 / 性质性能 / 基础理化性质 / 密度	火工药剂	性质性能
粒度	Concept	火工药剂 / 性质性能 / 基础理化性质 / 粒度	火工药剂	性质性能
吸湿性	Concept	火工药剂 / 性质性能 / 基础理化性质 / 吸湿性	火工药剂	性质性能
流散性	Concept	火工药剂 / 性质性能 / 基础理化性质 / 流散性	火工药剂	性质性能
热力学性质	Concept	火工药剂 / 性质性能 / 基础理化性质 / 热力学性质	火工药剂	性质性能
谱学性质	Concept	火工药剂 / 性质性能 / 基础理化性质 / 谱学性质	火工药剂	性质性能
溶解性与极性	Concept	火工药剂 / 性质性能 / 基础理化性质 / 溶解性与极性	火工药剂	性质性能
燃烧爆炸性质	Concept	火工药剂 / 性质性能 / 燃烧爆炸性质	火工药剂	性质性能
燃烧热、爆热	Concept	火工药剂 / 性质性能 / 燃烧爆炸性质 / 燃烧热、爆热	火工药剂	性质性能
比容	Concept	火工药剂 / 性质性能 / 燃烧爆炸性质 / 比容	火工药剂	性质性能
爆发点	Concept	火工药剂 / 性质性能 / 燃烧爆炸性质 / 爆发点	火工药剂	性质性能
相容性	Concept	火工药剂 / 性质性能 / 相容性	火工药剂	性质性能
安全性	Concept	火工药剂 / 性质性能 / 安全性	火工药剂	性质性能
闪电	Concept	火工药剂 / 性质性能 / 安全性 / 闪电	火工药剂	性质性能
爆炸极限	Concept	火工药剂 / 性质性能 / 安全性 / 爆炸极限	火工药剂	性质性能
毒性	Concept	火工药剂 / 性质性能 / 安全性 / 毒性	火工药剂	性质性能
感度	Concept	火工药剂 / 性质性能 / 安全性 / 感度	火工药剂	性质性能
摩擦感度	Concept	火工药剂 / 性质性能 / 安全性 / 感度 / 摩擦感度	火工药剂	性质性能
冲击感度	Concept	火工药剂 / 性质性能 / 安全性 / 感度 / 冲击感度	火工药剂	性质性能
静电感度	Concept	火工药剂 / 性质性能 / 安全性 / 感度 / 静电感度	火工药剂	性质性能
激光感度	Concept	火工药剂 / 性质性能 / 安全性 / 感度 / 激光感度	火工药剂	性质性能
热安全性	Concept	火工药剂 / 性质性能 / 安全性 / 热安全性	火工药剂	性质性能
力安全性	Concept	火工药剂 / 性质性能 / 安全性 / 力安全性	火工药剂	性质性能
冲击波安全性	Concept	火工药剂 / 性质性能 / 安全性 / 冲击波安全性	火工药剂	性质性能
生物降解性	Concept	火工药剂 / 性质性能 / 安全性 / 生物降解性	火工药剂	性质性能
毒理性指标	Concept	火工药剂 / 性质性能 / 安全性 / 毒理性指标	火工药剂	性质性能
健康危害理化性质	Concept	火工药剂 / 性质性能 / 健康危害理化性质	火工药剂	性质性能
半数致死剂量	Concept	火工药剂 / 性质性能 / 健康危害理化性质 / 半数致死剂量	火工药剂	性质性能
腐蚀性/刺激性	Concept	火工药剂 / 性质性能 / 健康危害理化性质 / 腐蚀性/刺激性	火工药剂	性质性能
毒性	Concept	火工药剂 / 性质性能 / 健康危害理化性质 / 毒性	火工药剂	性质性能
职业健康伤害类型	Concept	火工药剂 / 性质性能 / 健康危害理化性质 / 职业健康伤害类型	火工药剂	性质性能
化学稳定性	Concept	火工药剂 / 性质性能 / 化学稳定性	火工药剂	性质性能
热稳定性	Concept	火工药剂 / 性质性能 / 化学稳定性 / 热稳定性	火工药剂	性质性能
光稳定性	Concept	火工药剂 / 性质性能 / 化学稳定性 / 光稳定性	火工药剂	性质性能
氧化还原稳定性	Concept	火工药剂 / 性质性能 / 化学稳定性 / 氧化还原稳定性	火工药剂	性质性能
水解稳定性	Concept	火工药剂 / 性质性能 / 化学稳定性 / 水解稳定性	火工药剂	性质性能
安全操作与储运特性	Concept	火工药剂 / 性质性能 / 安全操作与储运特性	火工药剂	性质性能
危险类别	Concept	火工药剂 / 性质性能 / 安全操作与储运特性 / 危险类别	火工药剂	性质性能
包装类别	Concept	火工药剂 / 性质性能 / 安全操作与储运特性 / 包装类别	火工药剂	性质性能
稳定剂信息	Concept	火工药剂 / 性质性能 / 安全操作与储运特性 / 稳定剂信息	火工药剂	性质性能
吸湿性	Concept	火工药剂 / 性质性能 / 安全操作与储运特性 / 吸湿性	火工药剂	性质性能
应急响应参数	Concept	火工药剂 / 性质性能 / 安全操作与储运特性 / 应急响应参数	火工药剂	性质性能
测试方法	Concept	火工药剂 / 性质性能 / 测试方法	火工药剂	性质性能
测试标准	Concept	火工药剂 / 性质性能 / 测试方法 / 测试标准	火工药剂	性质性能
测试环境	Concept	火工药剂 / 性质性能 / 测试方法 / 测试环境	火工药剂	性质性能
测试仪器	Concept	火工药剂 / 性质性能 / 测试方法 / 测试仪器	火工药剂	性质性能
安全与监管	Facet	火工药剂 / 安全与监管	火工药剂	安全与监管
人员安全管控	Concept	火工药剂 / 安全与监管 / 人员安全管控	火工药剂	安全与监管
人员行为规范	Concept	火工药剂 / 安全与监管 / 人员安全管控 / 人员行为规范	火工药剂	安全与监管
禁限用行为	Concept	火工药剂 / 安全与监管 / 人员安全管控 / 人员行为规范 / 禁限用行为	火工药剂	安全与监管
超员超量要求	Concept	火工药剂 / 安全与监管 / 人员安全管控 / 人员行为规范 / 超员超量要求	火工药剂	安全与监管
防护要求	Concept	火工药剂 / 安全与监管 / 人员安全管控 / 人员行为规范 / 防护要求	火工药剂	安全与监管
危险岗位管理	Concept	火工药剂 / 安全与监管 / 人员安全管控 / 危险岗位管理	火工药剂	安全与监管
专业知识培训与学习	Concept	火工药剂 / 安全与监管 / 人员安全管控 / 危险岗位管理 / 专业知识培训与学习	火工药剂	安全与监管
考核与复查	Concept	火工药剂 / 安全与监管 / 人员安全管控 / 危险岗位管理 / 考核与复查	火工药剂	安全与监管
岗位监管	Concept	火工药剂 / 安全与监管 / 人员安全管控 / 危险岗位管理 / 岗位监管	火工药剂	安全与监管
法律法规与标准规范	Concept	火工药剂 / 安全与监管 / 法律法规与标准规范	火工药剂	安全与监管
法律法规与标准规范	Concept	火工药剂 / 安全与监管 / 法律法规与标准规范 / 法律法规与标准规范	火工药剂	安全与监管
国际法律	Concept	火工药剂 / 安全与监管 / 法律法规与标准规范 / 法律法规与标准规范 / 国际法律	火工药剂	安全与监管
国家法律法规	Concept	火工药剂 / 安全与监管 / 法律法规与标准规范 / 法律法规与标准规范 / 国家法律法规	火工药剂	安全与监管
国际标准	Concept	火工药剂 / 安全与监管 / 法律法规与标准规范 / 法律法规与标准规范 / 国际标准	火工药剂	安全与监管
国家标准	Concept	火工药剂 / 安全与监管 / 法律法规与标准规范 / 法律法规与标准规范 / 国家标准	火工药剂	安全与监管
军事标准	Concept	火工药剂 / 安全与监管 / 法律法规与标准规范 / 法律法规与标准规范 / 军事标准	火工药剂	安全与监管
国防标准	Concept	火工药剂 / 安全与监管 / 法律法规与标准规范 / 法律法规与标准规范 / 国防标准	火工药剂	安全与监管
企业标准	Concept	火工药剂 / 安全与监管 / 法律法规与标准规范 / 法律法规与标准规范 / 企业标准	火工药剂	安全与监管
行业规范要求	Concept	火工药剂 / 安全与监管 / 法律法规与标准规范 / 法律法规与标准规范 / 行业规范要求	火工药剂	安全与监管
企业规范要求	Concept	火工药剂 / 安全与监管 / 法律法规与标准规范 / 法律法规与标准规范 / 企业规范要求	火工药剂	安全与监管
应急响应处置	Concept	火工药剂 / 安全与监管 / 法律法规与标准规范 / 应急响应处置	火工药剂	安全与监管
应急预案	Concept	火工药剂 / 安全与监管 / 法律法规与标准规范 / 应急响应处置 / 应急预案	火工药剂	安全与监管
应急演练	Concept	火工药剂 / 安全与监管 / 法律法规与标准规范 / 应急响应处置 / 应急演练	火工药剂	安全与监管
救援体系	Concept	火工药剂 / 安全与监管 / 法律法规与标准规范 / 应急响应处置 / 救援体系	火工药剂	安全与监管
事故调查	Concept	火工药剂 / 安全与监管 / 法律法规与标准规范 / 应急响应处置 / 事故调查	火工药剂	安全与监管
设计规范	Concept	火工药剂 / 安全与监管 / 法律法规与标准规范 / 设计规范	火工药剂	安全与监管
危险品厂房设计规范	Concept	火工药剂 / 安全与监管 / 法律法规与标准规范 / 设计规范 / 危险品厂房设计规范	火工药剂	安全与监管
危险品产线设计要求	Concept	火工药剂 / 安全与监管 / 法律法规与标准规范 / 设计规范 / 危险品产线设计要求	火工药剂	安全与监管
关重设备设计要求	Concept	火工药剂 / 安全与监管 / 法律法规与标准规范 / 设计规范 / 关重设备设计要求	火工药剂	安全与监管
物料属性	Concept	火工药剂 / 安全与监管 / 物料属性	火工药剂	安全与监管
火工药剂分类标签与目录	Concept	火工药剂 / 安全与监管 / 物料属性 / 火工药剂分类标签与目录	火工药剂	安全与监管
危险化学品标签制定	Concept	火工药剂 / 安全与监管 / 物料属性 / 火工药剂分类标签与目录 / 危险化学品标签制定	火工药剂	安全与监管
国防科技工业标签制度	Concept	火工药剂 / 安全与监管 / 物料属性 / 火工药剂分类标签与目录 / 国防科技工业标签制度	火工药剂	安全与监管
危险性类别识别	Concept	火工药剂 / 安全与监管 / 物料属性 / 危险性类别识别	火工药剂	安全与监管
物理危险	Concept	火工药剂 / 安全与监管 / 物料属性 / 危险性类别识别 / 物理危险	火工药剂	安全与监管
健康危险	Concept	火工药剂 / 安全与监管 / 物料属性 / 危险性类别识别 / 健康危险	火工药剂	安全与监管
环境危险	Concept	火工药剂 / 安全与监管 / 物料属性 / 危险性类别识别 / 环境危险	火工药剂	安全与监管
分类编码与标识	Concept	火工药剂 / 安全与监管 / 物料属性 / 分类编码与标识	火工药剂	安全与监管
化合物CAS编码	Concept	火工药剂 / 安全与监管 / 物料属性 / 分类编码与标识 / 化合物CAS编码	火工药剂	安全与监管
包装与运输标签	Concept	火工药剂 / 安全与监管 / 物料属性 / 分类编码与标识 / 包装与运输标签	火工药剂	安全与监管
设备状态	Concept	火工药剂 / 安全与监管 / 设备状态	火工药剂	安全与监管
危险行业设备设计要求	Concept	火工药剂 / 安全与监管 / 设备状态 / 危险行业设备设计要求	火工药剂	安全与监管
设备安全管理	Concept	火工药剂 / 安全与监管 / 设备状态 / 设备安全管理	火工药剂	安全与监管
特种设备	Concept	火工药剂 / 安全与监管 / 设备状态 / 设备安全管理 / 特种设备	火工药剂	安全与监管
防爆电气	Concept	火工药剂 / 安全与监管 / 设备状态 / 设备安全管理 / 防爆电气	火工药剂	安全与监管
防静电系统	Concept	火工药剂 / 安全与监管 / 设备状态 / 设备安全管理 / 防静电系统	火工药剂	安全与监管
监测预警与连锁	Concept	火工药剂 / 安全与监管 / 设备状态 / 监测预警与连锁	火工药剂	安全与监管
气体探头	Concept	火工药剂 / 安全与监管 / 设备状态 / 监测预警与连锁 / 气体探头	火工药剂	安全与监管
红外报警	Concept	火工药剂 / 安全与监管 / 设备状态 / 监测预警与连锁 / 红外报警	火工药剂	安全与监管
DCS系统集成控制	Concept	火工药剂 / 安全与监管 / 设备状态 / 监测预警与连锁 / DCS系统集成控制	火工药剂	安全与监管
门机连锁	Concept	火工药剂 / 安全与监管 / 设备状态 / 监测预警与连锁 / 门机连锁	火工药剂	安全与监管
=== 推进剂.xmind ===	System	=== 推进剂.xmind ===	=== 推进剂.xmind ===	
固体推进剂	System	固体推进剂	固体推进剂	
性质/性能	Facet	固体推进剂 / 性质/性能	固体推进剂	性质/性能
羽流特性	Concept	固体推进剂 / 性质/性能 / 羽流特性	固体推进剂	性质/性能
特征信号	Concept	固体推进剂 / 性质/性能 / 羽流特性 / 特征信号	固体推进剂	性质/性能
辐射特征	Concept	固体推进剂 / 性质/性能 / 羽流特性 / 辐射特征	固体推进剂	性质/性能
烟特征	Concept	固体推进剂 / 性质/性能 / 羽流特性 / 烟特征	固体推进剂	性质/性能
微波性质	Concept	固体推进剂 / 性质/性能 / 羽流特性 / 微波性质	固体推进剂	性质/性能
能量性能	Concept	固体推进剂 / 性质/性能 / 能量性能	固体推进剂	性质/性能
总冲	Concept	固体推进剂 / 性质/性能 / 能量性能 / 总冲	固体推进剂	性质/性能
比冲	Concept	固体推进剂 / 性质/性能 / 能量性能 / 比冲	固体推进剂	性质/性能
特征速度	Concept	固体推进剂 / 性质/性能 / 能量性能 / 特征速度	固体推进剂	性质/性能
密度及密度比冲	Concept	固体推进剂 / 性质/性能 / 能量性能 / 密度及密度比冲	固体推进剂	性质/性能
燃烧室压强	Concept	固体推进剂 / 性质/性能 / 能量性能 / 燃烧室压强	固体推进剂	性质/性能
燃烧室温度	Concept	固体推进剂 / 性质/性能 / 能量性能 / 燃烧室温度	固体推进剂	性质/性能
理论比冲与比冲效率	Concept	固体推进剂 / 性质/性能 / 能量性能 / 理论比冲与比冲效率	固体推进剂	性质/性能
氧系数	Concept	固体推进剂 / 性质/性能 / 能量性能 / 氧系数	固体推进剂	性质/性能
力学性能	Concept	固体推进剂 / 性质/性能 / 力学性能	固体推进剂	性质/性能
拉伸强度	Concept	固体推进剂 / 性质/性能 / 力学性能 / 拉伸强度	固体推进剂	性质/性能
伸长率	Concept	固体推进剂 / 性质/性能 / 力学性能 / 伸长率	固体推进剂	性质/性能
模量	Concept	固体推进剂 / 性质/性能 / 力学性能 / 模量	固体推进剂	性质/性能
玻璃化温度	Concept	固体推进剂 / 性质/性能 / 力学性能 / 玻璃化温度	固体推进剂	性质/性能
燃烧性能	Concept	固体推进剂 / 性质/性能 / 燃烧性能	固体推进剂	性质/性能
燃烧速率	Concept	固体推进剂 / 性质/性能 / 燃烧性能 / 燃烧速率	固体推进剂	性质/性能
燃烧压强指数	Concept	固体推进剂 / 性质/性能 / 燃烧性能 / 燃烧压强指数	固体推进剂	性质/性能
燃速温度敏感系数	Concept	固体推进剂 / 性质/性能 / 燃烧性能 / 燃速温度敏感系数	固体推进剂	性质/性能
点火性能	Concept	固体推进剂 / 性质/性能 / 燃烧性能 / 点火性能	固体推进剂	性质/性能
熄火性能	Concept	固体推进剂 / 性质/性能 / 燃烧性能 / 熄火性能	固体推进剂	性质/性能
储存老化性能	Concept	固体推进剂 / 性质/性能 / 储存老化性能	固体推进剂	性质/性能
监测实验	Concept	固体推进剂 / 性质/性能 / 储存老化性能 / 监测实验	固体推进剂	性质/性能
加速老化实验	Concept	固体推进剂 / 性质/性能 / 储存老化性能 / 加速老化实验	固体推进剂	性质/性能
化学安定性评估	Concept	固体推进剂 / 性质/性能 / 储存老化性能 / 化学安定性评估	固体推进剂	性质/性能
结构完整性	Concept	固体推进剂 / 性质/性能 / 储存老化性能 / 结构完整性	固体推进剂	性质/性能
组分迁移	Concept	固体推进剂 / 性质/性能 / 储存老化性能 / 组分迁移	固体推进剂	性质/性能
工艺性能	Concept	固体推进剂 / 性质/性能 / 工艺性能	固体推进剂	性质/性能
塑性	Concept	固体推进剂 / 性质/性能 / 工艺性能 / 塑性	固体推进剂	性质/性能
触变性	Concept	固体推进剂 / 性质/性能 / 工艺性能 / 触变性	固体推进剂	性质/性能
粘弹性	Concept	固体推进剂 / 性质/性能 / 工艺性能 / 粘弹性	固体推进剂	性质/性能
热固性	Concept	固体推进剂 / 性质/性能 / 工艺性能 / 热固性	固体推进剂	性质/性能
安全性能	Concept	固体推进剂 / 性质/性能 / 安全性能	固体推进剂	性质/性能
撞击感度	Concept	固体推进剂 / 性质/性能 / 安全性能 / 撞击感度	固体推进剂	性质/性能
摩擦感度	Concept	固体推进剂 / 性质/性能 / 安全性能 / 摩擦感度	固体推进剂	性质/性能
静电火花感度	Concept	固体推进剂 / 性质/性能 / 安全性能 / 静电火花感度	固体推进剂	性质/性能
热感度	Concept	固体推进剂 / 性质/性能 / 安全性能 / 热感度	固体推进剂	性质/性能
冲击波感度	Concept	固体推进剂 / 性质/性能 / 安全性能 / 冲击波感度	固体推进剂	性质/性能
火焰感度	Concept	固体推进剂 / 性质/性能 / 安全性能 / 火焰感度	固体推进剂	性质/性能
相容性	Concept	固体推进剂 / 性质/性能 / 相容性	固体推进剂	性质/性能
基础理化性质	Concept	固体推进剂 / 性质/性能 / 基础理化性质	固体推进剂	性质/性能
密度	Concept	固体推进剂 / 性质/性能 / 基础理化性质 / 密度	固体推进剂	性质/性能
触变性	Concept	固体推进剂 / 性质/性能 / 基础理化性质 / 触变性	固体推进剂	性质/性能
黏度	Concept	固体推进剂 / 性质/性能 / 基础理化性质 / 黏度	固体推进剂	性质/性能
腐蚀性	Concept	固体推进剂 / 性质/性能 / 基础理化性质 / 腐蚀性	固体推进剂	性质/性能
结构	Facet	固体推进剂 / 结构	固体推进剂	结构
晶体结构	Concept	固体推进剂 / 结构 / 晶体结构	固体推进剂	结构
堆积结构	Concept	固体推进剂 / 结构 / 晶体结构 / 堆积结构	固体推进剂	结构
晶体形态	Concept	固体推进剂 / 结构 / 晶体结构 / 晶体形态	固体推进剂	结构
晶体缺陷	Concept	固体推进剂 / 结构 / 晶体结构 / 晶体缺陷	固体推进剂	结构
分子结构	Concept	固体推进剂 / 结构 / 分子结构	固体推进剂	结构
几何结构	Concept	固体推进剂 / 结构 / 分子结构 / 几何结构	固体推进剂	结构
电子结构	Concept	固体推进剂 / 结构 / 分子结构 / 电子结构	固体推进剂	结构
异构体	Concept	固体推进剂 / 结构 / 分子结构 / 异构体	固体推进剂	结构
颗粒结构	Concept	固体推进剂 / 结构 / 颗粒结构	固体推进剂	结构
初始粒度形貌	Concept	固体推进剂 / 结构 / 颗粒结构 / 初始粒度形貌	固体推进剂	结构
粉体密度	Concept	固体推进剂 / 结构 / 颗粒结构 / 粉体密度	固体推进剂	结构
比表面积	Concept	固体推进剂 / 结构 / 颗粒结构 / 比表面积	固体推进剂	结构
D10/D50/D90	Concept	固体推进剂 / 结构 / 颗粒结构 / D10/D50/D90	固体推进剂	结构
包覆厚度	Concept	固体推进剂 / 结构 / 颗粒结构 / 包覆厚度	固体推进剂	结构
界面结构	Concept	固体推进剂 / 结构 / 界面结构	固体推进剂	结构
界面形态	Concept	固体推进剂 / 结构 / 界面结构 / 界面形态	固体推进剂	结构
包覆度	Concept	固体推进剂 / 结构 / 界面结构 / 包覆度	固体推进剂	结构
结构分类	Concept	固体推进剂 / 结构 / 结构分类	固体推进剂	结构
均质推进剂	Concept	固体推进剂 / 结构 / 结构分类 / 均质推进剂	固体推进剂	结构
双基推进剂	Concept	固体推进剂 / 结构 / 结构分类 / 均质推进剂 / 双基推进剂	固体推进剂	结构
单基推进剂	Concept	固体推进剂 / 结构 / 结构分类 / 均质推进剂 / 单基推进剂	固体推进剂	结构
异质推进剂	Concept	固体推进剂 / 结构 / 结构分类 / 异质推进剂	固体推进剂	结构
复合推进剂	Concept	固体推进剂 / 结构 / 结构分类 / 异质推进剂 / 复合推进剂	固体推进剂	结构
特种推进剂	Concept	固体推进剂 / 结构 / 结构分类 / 异质推进剂 / 特种推进剂	固体推进剂	结构
改性双基推进剂	Concept	固体推进剂 / 结构 / 结构分类 / 异质推进剂 / 改性双基推进剂	固体推进剂	结构
组成	Facet	固体推进剂 / 组成	固体推进剂	组成
增塑剂	Concept	固体推进剂 / 组成 / 增塑剂	固体推进剂	组成
硝酸酯类	Concept	固体推进剂 / 组成 / 增塑剂 / 硝酸酯类	固体推进剂	组成
芳香簇酯类	Concept	固体推进剂 / 组成 / 增塑剂 / 芳香簇酯类	固体推进剂	组成
磷酸酯类	Concept	固体推进剂 / 组成 / 增塑剂 / 磷酸酯类	固体推进剂	组成
典型示例-NG、BTTN、DCHP、DOP	Concept	固体推进剂 / 组成 / 增塑剂 / 典型示例-NG、BTTN、DCHP、DOP	固体推进剂	组成
固化剂和交联剂	Concept	固体推进剂 / 组成 / 固化剂和交联剂	固体推进剂	组成
异氰酸酯类	Concept	固体推进剂 / 组成 / 固化剂和交联剂 / 异氰酸酯类	固体推进剂	组成
环氧树脂类	Concept	固体推进剂 / 组成 / 固化剂和交联剂 / 环氧树脂类	固体推进剂	组成
乙胺类	Concept	固体推进剂 / 组成 / 固化剂和交联剂 / 乙胺类	固体推进剂	组成
典型示例-TDI、IPDI、N-100	Concept	固体推进剂 / 组成 / 固化剂和交联剂 / 典型示例-TDI、IPDI、N-100	固体推进剂	组成
粘合剂	Concept	固体推进剂 / 组成 / 粘合剂	固体推进剂	组成
聚丁二烯类	Concept	固体推进剂 / 组成 / 粘合剂 / 聚丁二烯类	固体推进剂	组成
聚醚类	Concept	固体推进剂 / 组成 / 粘合剂 / 聚醚类	固体推进剂	组成
叠氮类	Concept	固体推进剂 / 组成 / 粘合剂 / 叠氮类	固体推进剂	组成
典型示例-CTPB、HTPB、NEPE、GAP、BAMO、AMMO	Concept	固体推进剂 / 组成 / 粘合剂 / 典型示例-CTPB、HTPB、NEPE、GAP、BAMO、AMMO	固体推进剂	组成
金属燃料和其他高能添加剂	Concept	固体推进剂 / 组成 / 金属燃料和其他高能添加剂	固体推进剂	组成
典型示例-Al、B、AlH3、铝锂合金	Concept	固体推进剂 / 组成 / 金属燃料和其他高能添加剂 / 典型示例-Al、B、AlH3、铝锂合金	固体推进剂	组成
氧化剂	Concept	固体推进剂 / 组成 / 氧化剂	固体推进剂	组成
多氮化合物	Concept	固体推进剂 / 组成 / 氧化剂 / 多氮化合物	固体推进剂	组成
硝基化合物	Concept	固体推进剂 / 组成 / 氧化剂 / 硝基化合物	固体推进剂	组成
叠氮基化合物	Concept	固体推进剂 / 组成 / 氧化剂 / 叠氮基化合物	固体推进剂	组成
笼型立体结构	Concept	固体推进剂 / 组成 / 氧化剂 / 笼型立体结构	固体推进剂	组成
硝铵	Concept	固体推进剂 / 组成 / 氧化剂 / 硝铵	固体推进剂	组成
呋咱化合物	Concept	固体推进剂 / 组成 / 氧化剂 / 呋咱化合物	固体推进剂	组成
典型示例-AP、AN、HNF、ADN、CL-20、HMX、RDX	Concept	固体推进剂 / 组成 / 氧化剂 / 典型示例-AP、AN、HNF、ADN、CL-20、HMX、RDX	固体推进剂	组成
应用	Facet	固体推进剂 / 应用	固体推进剂	应用
应用分类	Concept	固体推进剂 / 应用 / 应用分类	固体推进剂	应用
能量水平	Concept	固体推进剂 / 应用 / 应用分类 / 能量水平	固体推进剂	应用
高能推进剂	Concept	固体推进剂 / 应用 / 应用分类 / 能量水平 / 高能推进剂	固体推进剂	应用
NEPE推进剂	Concept	固体推进剂 / 应用 / 应用分类 / 能量水平 / 高能推进剂 / NEPE推进剂	固体推进剂	应用
HEDM推进剂	Concept	固体推进剂 / 应用 / 应用分类 / 能量水平 / 高能推进剂 / HEDM推进剂	固体推进剂	应用
HTPB四组元推进剂	Concept	固体推进剂 / 应用 / 应用分类 / 能量水平 / 高能推进剂 / HTPB四组元推进剂	固体推进剂	应用
中能推进剂	Concept	固体推进剂 / 应用 / 应用分类 / 能量水平 / 中能推进剂	固体推进剂	应用
HTPB推进剂	Concept	固体推进剂 / 应用 / 应用分类 / 能量水平 / 中能推进剂 / HTPB推进剂	固体推进剂	应用
HTPE推进剂	Concept	固体推进剂 / 应用 / 应用分类 / 能量水平 / 中能推进剂 / HTPE推进剂	固体推进剂	应用
HTCE推进剂	Concept	固体推进剂 / 应用 / 应用分类 / 能量水平 / 中能推进剂 / HTCE推进剂	固体推进剂	应用
CTPB推进剂	Concept	固体推进剂 / 应用 / 应用分类 / 能量水平 / 中能推进剂 / CTPB推进剂	固体推进剂	应用
低能推进剂	Concept	固体推进剂 / 应用 / 应用分类 / 能量水平 / 低能推进剂	固体推进剂	应用
聚硫推进剂	Concept	固体推进剂 / 应用 / 应用分类 / 能量水平 / 低能推进剂 / 聚硫推进剂	固体推进剂	应用
聚氨酯推进剂	Concept	固体推进剂 / 应用 / 应用分类 / 能量水平 / 低能推进剂 / 聚氨酯推进剂	固体推进剂	应用
特征信号	Concept	固体推进剂 / 应用 / 应用分类 / 特征信号	固体推进剂	应用
有烟推进剂	Concept	固体推进剂 / 应用 / 应用分类 / 特征信号 / 有烟推进剂	固体推进剂	应用
含铝推进剂	Concept	固体推进剂 / 应用 / 应用分类 / 特征信号 / 有烟推进剂 / 含铝推进剂	固体推进剂	应用
含卤化合物推进剂	Concept	固体推进剂 / 应用 / 应用分类 / 特征信号 / 有烟推进剂 / 含卤化合物推进剂	固体推进剂	应用
微烟推进剂	Concept	固体推进剂 / 应用 / 应用分类 / 特征信号 / 微烟推进剂	固体推进剂	应用
双基推进剂	Concept	固体推进剂 / 应用 / 应用分类 / 特征信号 / 微烟推进剂 / 双基推进剂	固体推进剂	应用
无铝推进剂	Concept	固体推进剂 / 应用 / 应用分类 / 特征信号 / 微烟推进剂 / 无铝推进剂	固体推进剂	应用
无烟推进剂	Concept	固体推进剂 / 应用 / 应用分类 / 特征信号 / 无烟推进剂	固体推进剂	应用
改性双基推进剂	Concept	固体推进剂 / 应用 / 应用分类 / 特征信号 / 无烟推进剂 / 改性双基推进剂	固体推进剂	应用
洁净推进剂	Concept	固体推进剂 / 应用 / 应用分类 / 特征信号 / 无烟推进剂 / 洁净推进剂	固体推进剂	应用
组分特性	Concept	固体推进剂 / 应用 / 应用分类 / 组分特性	固体推进剂	应用
单基推进剂	Concept	固体推进剂 / 应用 / 应用分类 / 组分特性 / 单基推进剂	固体推进剂	应用
NC推进剂	Concept	固体推进剂 / 应用 / 应用分类 / 组分特性 / 单基推进剂 / NC推进剂	固体推进剂	应用
双基推进剂	Concept	固体推进剂 / 应用 / 应用分类 / 组分特性 / 双基推进剂	固体推进剂	应用
压伸双基推进剂	Concept	固体推进剂 / 应用 / 应用分类 / 组分特性 / 双基推进剂 / 压伸双基推进剂	固体推进剂	应用
浇铸双基推进剂	Concept	固体推进剂 / 应用 / 应用分类 / 组分特性 / 双基推进剂 / 浇铸双基推进剂	固体推进剂	应用
复合推进剂	Concept	固体推进剂 / 应用 / 应用分类 / 组分特性 / 复合推进剂	固体推进剂	应用
HTPB推进剂	Concept	固体推进剂 / 应用 / 应用分类 / 组分特性 / 复合推进剂 / HTPB推进剂	固体推进剂	应用
NEPE推进剂	Concept	固体推进剂 / 应用 / 应用分类 / 组分特性 / 复合推进剂 / NEPE推进剂	固体推进剂	应用
改性双基推进剂	Concept	固体推进剂 / 应用 / 应用分类 / 组分特性 / 复合推进剂 / 改性双基推进剂	固体推进剂	应用
特种推进剂	Concept	固体推进剂 / 应用 / 应用分类 / 组分特性 / 特种推进剂	固体推进剂	应用
凝胶推进剂	Concept	固体推进剂 / 应用 / 应用分类 / 组分特性 / 特种推进剂 / 凝胶推进剂	固体推进剂	应用
低温推进剂	Concept	固体推进剂 / 应用 / 应用分类 / 组分特性 / 特种推进剂 / 低温推进剂	固体推进剂	应用
燃气发生剂	Concept	固体推进剂 / 应用 / 应用分类 / 组分特性 / 特种推进剂 / 燃气发生剂	固体推进剂	应用
富燃料推进剂	Concept	固体推进剂 / 应用 / 应用分类 / 组分特性 / 特种推进剂 / 富燃料推进剂	固体推进剂	应用
电控推进剂	Concept	固体推进剂 / 应用 / 应用分类 / 组分特性 / 特种推进剂 / 电控推进剂	固体推进剂	应用
固液混合推进剂	Concept	固体推进剂 / 应用 / 应用分类 / 组分特性 / 特种推进剂 / 固液混合推进剂	固体推进剂	应用
应用领域	Concept	固体推进剂 / 应用 / 应用领域	固体推进剂	应用
军事应用	Concept	固体推进剂 / 应用 / 应用领域 / 军事应用	固体推进剂	应用
枪炮推进	Concept	固体推进剂 / 应用 / 应用领域 / 军事应用 / 枪炮推进	固体推进剂	应用
战术导弹	Concept	固体推进剂 / 应用 / 应用领域 / 军事应用 / 战术导弹	固体推进剂	应用
战略导弹	Concept	固体推进剂 / 应用 / 应用领域 / 军事应用 / 战略导弹	固体推进剂	应用
弹射动力源	Concept	固体推进剂 / 应用 / 应用领域 / 军事应用 / 弹射动力源	固体推进剂	应用
导弹伺服系统	Concept	固体推进剂 / 应用 / 应用领域 / 军事应用 / 导弹伺服系统	固体推进剂	应用
民用	Concept	固体推进剂 / 应用 / 应用领域 / 民用	固体推进剂	应用
安全气囊	Concept	固体推进剂 / 应用 / 应用领域 / 民用 / 安全气囊	固体推进剂	应用
灭火器	Concept	固体推进剂 / 应用 / 应用领域 / 民用 / 灭火器	固体推进剂	应用
压裂弹	Concept	固体推进剂 / 应用 / 应用领域 / 民用 / 压裂弹	固体推进剂	应用
应急救生	Concept	固体推进剂 / 应用 / 应用领域 / 民用 / 应急救生	固体推进剂	应用
航天应用	Concept	固体推进剂 / 应用 / 应用领域 / 航天应用	固体推进剂	应用
助推器	Concept	固体推进剂 / 应用 / 应用领域 / 航天应用 / 助推器	固体推进剂	应用
上面级	Concept	固体推进剂 / 应用 / 应用领域 / 航天应用 / 上面级	固体推进剂	应用
姿态发动机	Concept	固体推进剂 / 应用 / 应用领域 / 航天应用 / 姿态发动机	固体推进剂	应用
探空火箭	Concept	固体推进剂 / 应用 / 应用领域 / 航天应用 / 探空火箭	固体推进剂	应用
气象火箭	Concept	固体推进剂 / 应用 / 应用领域 / 航天应用 / 气象火箭	固体推进剂	应用
空间推进	Concept	固体推进剂 / 应用 / 应用领域 / 航天应用 / 空间推进	固体推进剂	应用
效应需求	Concept	固体推进剂 / 应用 / 效应需求	固体推进剂	应用
燃烧效应	Concept	固体推进剂 / 应用 / 效应需求 / 燃烧效应	固体推进剂	应用
老化效应	Concept	固体推进剂 / 应用 / 效应需求 / 老化效应	固体推进剂	应用
热效应	Concept	固体推进剂 / 应用 / 效应需求 / 热效应	固体推进剂	应用
压力效应	Concept	固体推进剂 / 应用 / 效应需求 / 压力效应	固体推进剂	应用
应用演进	Concept	固体推进剂 / 应用 / 应用演进	固体推进剂	应用
应用历程	Concept	固体推进剂 / 应用 / 应用演进 / 应用历程	固体推进剂	应用
未来趋势	Concept	固体推进剂 / 应用 / 应用演进 / 未来趋势	固体推进剂	应用
设计优化	Concept	固体推进剂 / 应用 / 设计优化	固体推进剂	应用
配方设计	Concept	固体推进剂 / 应用 / 设计优化 / 配方设计	固体推进剂	应用
工艺优化	Concept	固体推进剂 / 应用 / 设计优化 / 工艺优化	固体推进剂	应用
过程控制	Concept	固体推进剂 / 应用 / 设计优化 / 过程控制	固体推进剂	应用
安全与监管	Facet	固体推进剂 / 安全与监管	固体推进剂	安全与监管
识别与分类	Concept	固体推进剂 / 安全与监管 / 识别与分类	固体推进剂	安全与监管
分类编码与标识	Concept	固体推进剂 / 安全与监管 / 识别与分类 / 分类编码与标识	固体推进剂	安全与监管
危险性类别识别	Concept	固体推进剂 / 安全与监管 / 识别与分类 / 危险性类别识别	固体推进剂	安全与监管
推进剂分类标签与目录	Concept	固体推进剂 / 安全与监管 / 识别与分类 / 推进剂分类标签与目录	固体推进剂	安全与监管
安全管理制度	Concept	固体推进剂 / 安全与监管 / 安全管理制度	固体推进剂	安全与监管
全生命周期安全管理	Concept	固体推进剂 / 安全与监管 / 安全管理制度 / 全生命周期安全管理	固体推进剂	安全与监管
岗位责任与权限划分	Concept	固体推进剂 / 安全与监管 / 安全管理制度 / 岗位责任与权限划分	固体推进剂	安全与监管
动火作业制度	Concept	固体推进剂 / 安全与监管 / 安全管理制度 / 动火作业制度	固体推进剂	安全与监管
有限空间./高处作业制度	Concept	固体推进剂 / 安全与监管 / 安全管理制度 / 有限空间./高处作业制度	固体推进剂	安全与监管
生产许可证	Concept	固体推进剂 / 安全与监管 / 安全管理制度 / 生产许可证	固体推进剂	安全与监管
安全技术保障	Concept	固体推进剂 / 安全与监管 / 安全技术保障	固体推进剂	安全与监管
工艺安全管理	Concept	固体推进剂 / 安全与监管 / 安全技术保障 / 工艺安全管理	固体推进剂	安全与监管
设备安全管理	Concept	固体推进剂 / 安全与监管 / 安全技术保障 / 设备安全管理	固体推进剂	安全与监管
监测预警与连锁	Concept	固体推进剂 / 安全与监管 / 安全技术保障 / 监测预警与连锁	固体推进剂	安全与监管
特种作业人员管理	Concept	固体推进剂 / 安全与监管 / 安全技术保障 / 特种作业人员管理	固体推进剂	安全与监管
自动化与过程安全	Concept	固体推进剂 / 安全与监管 / 安全技术保障 / 自动化与过程安全	固体推进剂	安全与监管
储运与仓储安全	Concept	固体推进剂 / 安全与监管 / 储运与仓储安全	固体推进剂	安全与监管
基础认知体系	Concept	固体推进剂 / 安全与监管 / 储运与仓储安全 / 基础认知体系	固体推进剂	安全与监管
存储安全规范	Concept	固体推进剂 / 安全与监管 / 储运与仓储安全 / 存储安全规范	固体推进剂	安全与监管
运输管理制度	Concept	固体推进剂 / 安全与监管 / 储运与仓储安全 / 运输管理制度	固体推进剂	安全与监管
仓储场所设计	Concept	固体推进剂 / 安全与监管 / 储运与仓储安全 / 仓储场所设计	固体推进剂	安全与监管
法规政策与标准	Concept	固体推进剂 / 安全与监管 / 法规政策与标准	固体推进剂	安全与监管
国内法规标准	Concept	固体推进剂 / 安全与监管 / 法规政策与标准 / 国内法规标准	固体推进剂	安全与监管
国际法规与标准	Concept	固体推进剂 / 安全与监管 / 法规政策与标准 / 国际法规与标准	固体推进剂	安全与监管
企业/行业规章制度	Concept	固体推进剂 / 安全与监管 / 法规政策与标准 / 企业/行业规章制度	固体推进剂	安全与监管
退出机制	Concept	固体推进剂 / 安全与监管 / 法规政策与标准 / 退出机制	固体推进剂	安全与监管
三废处理	Concept	固体推进剂 / 安全与监管 / 三废处理	固体推进剂	安全与监管
废气	Concept	固体推进剂 / 安全与监管 / 三废处理 / 废气	固体推进剂	安全与监管
废液	Concept	固体推进剂 / 安全与监管 / 三废处理 / 废液	固体推进剂	安全与监管
废渣	Concept	固体推进剂 / 安全与监管 / 三废处理 / 废渣	固体推进剂	安全与监管
销毁规章制度	Concept	固体推进剂 / 安全与监管 / 三废处理 / 销毁规章制度	固体推进剂	安全与监管
应急响应与事故处置	Concept	固体推进剂 / 安全与监管 / 应急响应与事故处置	固体推进剂	安全与监管
典型事故类型	Concept	固体推进剂 / 安全与监管 / 应急响应与事故处置 / 典型事故类型	固体推进剂	安全与监管
应急预案编制	Concept	固体推进剂 / 安全与监管 / 应急响应与事故处置 / 应急预案编制	固体推进剂	安全与监管
应急救援体系	Concept	固体推进剂 / 安全与监管 / 应急响应与事故处置 / 应急救援体系	固体推进剂	安全与监管
事故调查与追责	Concept	固体推进剂 / 安全与监管 / 应急响应与事故处置 / 事故调查与追责	固体推进剂	安全与监管
制备与加工	Facet	固体推进剂 / 制备与加工	固体推进剂	制备与加工
制备工艺	Concept	固体推进剂 / 制备与加工 / 制备工艺	固体推进剂	制备与加工
预混	Concept	固体推进剂 / 制备与加工 / 制备工艺 / 预混	固体推进剂	制备与加工
混合	Concept	固体推进剂 / 制备与加工 / 制备工艺 / 混合	固体推进剂	制备与加工
浇注	Concept	固体推进剂 / 制备与加工 / 制备工艺 / 浇注	固体推进剂	制备与加工
固化	Concept	固体推进剂 / 制备与加工 / 制备工艺 / 固化	固体推进剂	制备与加工
脱模	Concept	固体推进剂 / 制备与加工 / 制备工艺 / 脱模	固体推进剂	制备与加工
整形	Concept	固体推进剂 / 制备与加工 / 制备工艺 / 整形	固体推进剂	制备与加工
探伤	Concept	固体推进剂 / 制备与加工 / 制备工艺 / 探伤	固体推进剂	制备与加工
回收与销毁	Concept	固体推进剂 / 制备与加工 / 回收与销毁	固体推进剂	制备与加工
预处理技术	Concept	固体推进剂 / 制备与加工 / 回收与销毁 / 预处理技术	固体推进剂	制备与加工
安全销毁	Concept	固体推进剂 / 制备与加工 / 回收与销毁 / 安全销毁	固体推进剂	制备与加工
资源化处理	Concept	固体推进剂 / 制备与加工 / 回收与销毁 / 资源化处理	固体推进剂	制备与加工
3R技术（Reduce、Reuse、Recycle）	Concept	固体推进剂 / 制备与加工 / 回收与销毁 / 3R技术（Reduce、Reuse、Recycle）	固体推进剂	制备与加工
合成	Concept	固体推进剂 / 制备与加工 / 合成	固体推进剂	制备与加工
原材料准备与预处理	Concept	固体推进剂 / 制备与加工 / 合成 / 原材料准备与预处理	固体推进剂	制备与加工
原材料准备预处理	Concept	固体推进剂 / 制备与加工 / 合成 / 原材料准备与预处理 / 原材料准备预处理	固体推进剂	制备与加工
核心反应类型与机理	Concept	固体推进剂 / 制备与加工 / 合成 / 原材料准备与预处理 / 核心反应类型与机理	固体推进剂	制备与加工
反应工艺条件与控制	Concept	固体推进剂 / 制备与加工 / 合成 / 原材料准备与预处理 / 反应工艺条件与控制	固体推进剂	制备与加工
中间提取与纯化	Concept	固体推进剂 / 制备与加工 / 合成 / 原材料准备与预处理 / 中间提取与纯化	固体推进剂	制备与加工
产品后处理	Concept	固体推进剂 / 制备与加工 / 合成 / 原材料准备与预处理 / 产品后处理	固体推进剂	制备与加工
典型工艺路线	Concept	固体推进剂 / 制备与加工 / 合成 / 原材料准备与预处理 / 典型工艺路线	固体推进剂	制备与加工
标准工艺规范	Concept	固体推进剂 / 制备与加工 / 合成 / 原材料准备与预处理 / 标准工艺规范	固体推进剂	制备与加工
合成设备与放大工艺	Concept	固体推进剂 / 制备与加工 / 合成 / 合成设备与放大工艺	固体推进剂	制备与加工
搅拌反应釜、滴加系统	Concept	固体推进剂 / 制备与加工 / 合成 / 合成设备与放大工艺 / 搅拌反应釜、滴加系统	固体推进剂	制备与加工
恒温控温装置	Concept	固体推进剂 / 制备与加工 / 合成 / 合成设备与放大工艺 / 恒温控温装置	固体推进剂	制备与加工
管道硝化	Concept	固体推进剂 / 制备与加工 / 合成 / 合成设备与放大工艺 / 管道硝化	固体推进剂	制备与加工
流程放大参数调整	Concept	固体推进剂 / 制备与加工 / 合成 / 合成设备与放大工艺 / 流程放大参数调整	固体推进剂	制备与加工
Pilot-plant到工业化生产路径	Concept	固体推进剂 / 制备与加工 / 合成 / 合成设备与放大工艺 / Pilot-plant到工业化生产路径	固体推进剂	制备与加工
生产管理	Concept	固体推进剂 / 制备与加工 / 生产管理	固体推进剂	制备与加工
智慧管控	Concept	固体推进剂 / 制备与加工 / 生产管理 / 智慧管控	固体推进剂	制备与加工
MES系统	Concept	固体推进剂 / 制备与加工 / 生产管理 / MES系统	固体推进剂	制备与加工
产线	Concept	固体推进剂 / 制备与加工 / 生产管理 / 产线	固体推进剂	制备与加工
危化品二次反应防控	Concept	固体推进剂 / 制备与加工 / 生产管理 / 危化品二次反应防控	固体推进剂	制备与加工
废液废气处理与环保要求	Concept	固体推进剂 / 制备与加工 / 生产管理 / 废液废气处理与环保要求	固体推进剂	制备与加工
工艺安全与质量控制	Concept	固体推进剂 / 制备与加工 / 生产管理 / 工艺安全与质量控制	固体推进剂	制备与加工
=== DZZY.xmind ===	System	=== DZZY.xmind ===	=== DZZY.xmind ===	
单质炸药	System	单质炸药	单质炸药	
性质/性能	Facet	单质炸药 / 性质/性能	单质炸药	性质/性能
基础理化性质	Concept	单质炸药 / 性质/性能 / 基础理化性质	单质炸药	性质/性能
外观性质	Concept	单质炸药 / 性质/性能 / 基础理化性质 / 外观性质	单质炸药	性质/性能
密度	Concept	单质炸药 / 性质/性能 / 基础理化性质 / 密度	单质炸药	性质/性能
热性质	Concept	单质炸药 / 性质/性能 / 基础理化性质 / 热性质	单质炸药	性质/性能
光学性质	Concept	单质炸药 / 性质/性能 / 基础理化性质 / 光学性质	单质炸药	性质/性能
电学性质	Concept	单质炸药 / 性质/性能 / 基础理化性质 / 电学性质	单质炸药	性质/性能
谱学性质	Concept	单质炸药 / 性质/性能 / 基础理化性质 / 谱学性质	单质炸药	性质/性能
化学反应性	Concept	单质炸药 / 性质/性能 / 基础理化性质 / 化学反应性	单质炸药	性质/性能
熔/沸点	Concept	单质炸药 / 性质/性能 / 基础理化性质 / 熔/沸点	单质炸药	性质/性能
闪点	Concept	单质炸药 / 性质/性能 / 基础理化性质 / 闪点	单质炸药	性质/性能
蒸汽压	Concept	单质炸药 / 性质/性能 / 基础理化性质 / 蒸汽压	单质炸药	性质/性能
表界面性质	Concept	单质炸药 / 性质/性能 / 基础理化性质 / 表界面性质	单质炸药	性质/性能
能量性质	Concept	单质炸药 / 性质/性能 / 能量性质	单质炸药	性质/性能
爆速	Concept	单质炸药 / 性质/性能 / 能量性质 / 爆速	单质炸药	性质/性能
爆压	Concept	单质炸药 / 性质/性能 / 能量性质 / 爆压	单质炸药	性质/性能
爆热	Concept	单质炸药 / 性质/性能 / 能量性质 / 爆热	单质炸药	性质/性能
爆容/爆温	Concept	单质炸药 / 性质/性能 / 能量性质 / 爆容/爆温	单质炸药	性质/性能
金属加速能力	Concept	单质炸药 / 性质/性能 / 能量性质 / 金属加速能力	单质炸药	性质/性能
猛度	Concept	单质炸药 / 性质/性能 / 能量性质 / 猛度	单质炸药	性质/性能
理论与模拟方法	Concept	单质炸药 / 性质/性能 / 能量性质 / 理论与模拟方法	单质炸药	性质/性能
安全性能	Concept	单质炸药 / 性质/性能 / 安全性能	单质炸药	性质/性能
闪点	Concept	单质炸药 / 性质/性能 / 安全性能 / 闪点	单质炸药	性质/性能
爆炸极限	Concept	单质炸药 / 性质/性能 / 安全性能 / 爆炸极限	单质炸药	性质/性能
毒性	Concept	单质炸药 / 性质/性能 / 安全性能 / 毒性	单质炸药	性质/性能
热安全性	Concept	单质炸药 / 性质/性能 / 安全性能 / 热安全性	单质炸药	性质/性能
力安全性	Concept	单质炸药 / 性质/性能 / 安全性能 / 力安全性	单质炸药	性质/性能
冲击波安全性	Concept	单质炸药 / 性质/性能 / 安全性能 / 冲击波安全性	单质炸药	性质/性能
生物降解性	Concept	单质炸药 / 性质/性能 / 安全性能 / 生物降解性	单质炸药	性质/性能
理论与模拟方法	Concept	单质炸药 / 性质/性能 / 安全性能 / 理论与模拟方法	单质炸药	性质/性能
力学性能	Concept	单质炸药 / 性质/性能 / 力学性能	单质炸药	性质/性能
弹性性质	Concept	单质炸药 / 性质/性能 / 力学性能 / 弹性性质	单质炸药	性质/性能
塑性性质	Concept	单质炸药 / 性质/性能 / 力学性能 / 塑性性质	单质炸药	性质/性能
蠕变与应力松弛	Concept	单质炸药 / 性质/性能 / 力学性能 / 蠕变与应力松弛	单质炸药	性质/性能
动态力学性质	Concept	单质炸药 / 性质/性能 / 力学性能 / 动态力学性质	单质炸药	性质/性能
断裂与损伤性质	Concept	单质炸药 / 性质/性能 / 力学性能 / 断裂与损伤性质	单质炸药	性质/性能
硬度	Concept	单质炸药 / 性质/性能 / 力学性能 / 硬度	单质炸药	性质/性能
冲击强度	Concept	单质炸药 / 性质/性能 / 力学性能 / 冲击强度	单质炸药	性质/性能
理论与模拟方法	Concept	单质炸药 / 性质/性能 / 力学性能 / 理论与模拟方法	单质炸药	性质/性能
相容性	Concept	单质炸药 / 性质/性能 / 相容性	单质炸药	性质/性能
老化性能	Concept	单质炸药 / 性质/性能 / 老化性能	单质炸药	性质/性能
操作与储运性质	Concept	单质炸药 / 性质/性能 / 操作与储运性质	单质炸药	性质/性能
相关学科关联	Concept	单质炸药 / 性质/性能 / 相关学科关联	单质炸药	性质/性能
结构	Facet	单质炸药 / 结构	单质炸药	结构
分子结构**	Concept	单质炸药 / 结构 / 分子结构**	单质炸药	结构
分子结构表达	Concept	单质炸药 / 结构 / 分子结构** / 分子结构表达	单质炸药	结构
线性编码	Concept	单质炸药 / 结构 / 分子结构** / 分子结构表达 / 线性编码	单质炸药	结构
IUPAC命名	Concept	单质炸药 / 结构 / 分子结构** / 分子结构表达 / 线性编码 / IUPAC命名	单质炸药	结构
SMILES编码	Concept	单质炸药 / 结构 / 分子结构** / 分子结构表达 / 线性编码 / SMILES编码	单质炸药	结构
InChI编码	Concept	单质炸药 / 结构 / 分子结构** / 分子结构表达 / 线性编码 / InChI编码	单质炸药	结构
InChI Key编码	Concept	单质炸药 / 结构 / 分子结构** / 分子结构表达 / 线性编码 / InChI Key编码	单质炸药	结构
二维结构	Concept	单质炸药 / 结构 / 分子结构** / 分子结构表达 / 二维结构	单质炸药	结构
图结构	Concept	单质炸药 / 结构 / 分子结构** / 分子结构表达 / 二维结构 / 图结构	单质炸药	结构
路易斯结构	Concept	单质炸药 / 结构 / 分子结构** / 分子结构表达 / 二维结构 / 图结构 / 路易斯结构	单质炸药	结构
凯库勒结构	Concept	单质炸药 / 结构 / 分子结构** / 分子结构表达 / 二维结构 / 图结构 / 凯库勒结构	单质炸药	结构
简化线键式	Concept	单质炸药 / 结构 / 分子结构** / 分子结构表达 / 二维结构 / 图结构 / 简化线键式	单质炸药	结构
投影式结构	Concept	单质炸药 / 结构 / 分子结构** / 分子结构表达 / 二维结构 / 图结构 / 投影式结构	单质炸药	结构
符号结构	Concept	单质炸药 / 结构 / 分子结构** / 分子结构表达 / 二维结构 / 符号结构	单质炸药	结构
缩写式结构	Concept	单质炸药 / 结构 / 分子结构** / 分子结构表达 / 二维结构 / 符号结构 / 缩写式结构	单质炸药	结构
功能基团符号	Concept	单质炸药 / 结构 / 分子结构** / 分子结构表达 / 二维结构 / 符号结构 / 功能基团符号	单质炸药	结构
文本结构	Concept	单质炸药 / 结构 / 分子结构** / 分子结构表达 / 二维结构 / 文本结构	单质炸药	结构
Mol格式	Concept	单质炸药 / 结构 / 分子结构** / 分子结构表达 / 二维结构 / 文本结构 / Mol格式	单质炸药	结构
CDX格式	Concept	单质炸药 / 结构 / 分子结构** / 分子结构表达 / 二维结构 / 文本结构 / CDX格式	单质炸药	结构
三维结构	Concept	单质炸药 / 结构 / 分子结构** / 分子结构表达 / 三维结构	单质炸药	结构
符号结构	Concept	单质炸药 / 结构 / 分子结构** / 分子结构表达 / 三维结构 / 符号结构	单质炸药	结构
球棍结构	Concept	单质炸药 / 结构 / 分子结构** / 分子结构表达 / 三维结构 / 符号结构 / 球棍结构	单质炸药	结构
CPK结构	Concept	单质炸药 / 结构 / 分子结构** / 分子结构表达 / 三维结构 / 符号结构 / CPK结构	单质炸药	结构
文本结构	Concept	单质炸药 / 结构 / 分子结构** / 分子结构表达 / 三维结构 / 文本结构	单质炸药	结构
Mol2格式	Concept	单质炸药 / 结构 / 分子结构** / 分子结构表达 / 三维结构 / 文本结构 / Mol2格式	单质炸药	结构
PDB格式	Concept	单质炸药 / 结构 / 分子结构** / 分子结构表达 / 三维结构 / 文本结构 / PDB格式	单质炸药	结构
分子设计	Concept	单质炸药 / 结构 / 分子结构** / 分子设计	单质炸药	结构
设计理论基础	Concept	单质炸药 / 结构 / 分子结构** / 分子设计 / 设计理论基础	单质炸药	结构
密度-能量水平关联	Concept	单质炸药 / 结构 / 分子结构** / 分子设计 / 设计理论基础 / 密度-能量水平关联	单质炸药	结构
高能致爆基团设计	Concept	单质炸药 / 结构 / 分子结构** / 分子设计 / 设计理论基础 / 高能致爆基团设计	单质炸药	结构
化学键能	Concept	单质炸药 / 结构 / 分子结构** / 分子设计 / 设计理论基础 / 化学键能	单质炸药	结构
生成焓	Concept	单质炸药 / 结构 / 分子结构** / 分子设计 / 设计理论基础 / 生成焓	单质炸药	结构
氧平衡	Concept	单质炸药 / 结构 / 分子结构** / 分子设计 / 设计理论基础 / 氧平衡	单质炸药	结构
氮含量	Concept	单质炸药 / 结构 / 分子结构** / 分子设计 / 设计理论基础 / 氮含量	单质炸药	结构
分子内/间弱相互作用	Concept	单质炸药 / 结构 / 分子结构** / 分子设计 / 设计理论基础 / 分子内/间弱相互作用	单质炸药	结构
氢转移	Concept	单质炸药 / 结构 / 分子结构** / 分子设计 / 设计理论基础 / 氢转移	单质炸药	结构
分子平面性	Concept	单质炸药 / 结构 / 分子结构** / 分子设计 / 设计理论基础 / 分子平面性	单质炸药	结构
电子结构	Concept	单质炸药 / 结构 / 分子结构** / 分子设计 / 设计理论基础 / 电子结构	单质炸药	结构
结构设计	Concept	单质炸药 / 结构 / 分子结构** / 分子设计 / 结构设计	单质炸药	结构
分子骨架设计	Concept	单质炸药 / 结构 / 分子结构** / 分子设计 / 结构设计 / 分子骨架设计	单质炸药	结构
取代基调控设计	Concept	单质炸药 / 结构 / 分子结构** / 分子设计 / 结构设计 / 取代基调控设计	单质炸药	结构
基团选择与组合	Concept	单质炸药 / 结构 / 分子结构** / 分子设计 / 结构设计 / 基团选择与组合	单质炸药	结构
结构衍生化	Concept	单质炸药 / 结构 / 分子结构** / 分子设计 / 结构设计 / 结构衍生化	单质炸药	结构
共轭结构	Concept	单质炸药 / 结构 / 分子结构** / 分子设计 / 结构设计 / 共轭结构	单质炸药	结构
对称性	Concept	单质炸药 / 结构 / 分子结构** / 分子设计 / 结构设计 / 对称性	单质炸药	结构
同分异构	Concept	单质炸药 / 结构 / 分子结构** / 分子设计 / 结构设计 / 同分异构	单质炸药	结构
可合成性	Concept	单质炸药 / 结构 / 分子结构** / 分子设计 / 结构设计 / 可合成性	单质炸药	结构
性质预测与筛选	Concept	单质炸药 / 结构 / 分子结构** / 分子设计 / 性质预测与筛选	单质炸药	结构
理论计算性质预测	Concept	单质炸药 / 结构 / 分子结构** / 分子设计 / 性质预测与筛选 / 理论计算性质预测	单质炸药	结构
经验/半经验性质预测	Concept	单质炸药 / 结构 / 分子结构** / 分子设计 / 性质预测与筛选 / 经验/半经验性质预测	单质炸药	结构
人工智能性质预测	Concept	单质炸药 / 结构 / 分子结构** / 分子设计 / 性质预测与筛选 / 人工智能性质预测	单质炸药	结构
单目标预测筛选	Concept	单质炸药 / 结构 / 分子结构** / 分子设计 / 性质预测与筛选 / 单目标预测筛选	单质炸药	结构
多目标预测筛选	Concept	单质炸药 / 结构 / 分子结构** / 分子设计 / 性质预测与筛选 / 多目标预测筛选	单质炸药	结构
软件、平台与数据库	Concept	单质炸药 / 结构 / 分子结构** / 分子设计 / 性质预测与筛选 / 软件、平台与数据库	单质炸药	结构
方法工具	Concept	单质炸药 / 结构 / 分子结构** / 分子设计 / 方法工具	单质炸药	结构
量子化学	Concept	单质炸药 / 结构 / 分子结构** / 分子设计 / 方法工具 / 量子化学	单质炸药	结构
分子动力学	Concept	单质炸药 / 结构 / 分子结构** / 分子设计 / 方法工具 / 分子动力学	单质炸药	结构
定量构效关系	Concept	单质炸药 / 结构 / 分子结构** / 分子设计 / 方法工具 / 定量构效关系	单质炸药	结构
高通量虚拟筛选	Concept	单质炸药 / 结构 / 分子结构** / 分子设计 / 方法工具 / 高通量虚拟筛选	单质炸药	结构
生成式设计	Concept	单质炸药 / 结构 / 分子结构** / 分子设计 / 方法工具 / 生成式设计	单质炸药	结构
专用设计工具	Concept	单质炸药 / 结构 / 分子结构** / 分子设计 / 方法工具 / 专用设计工具	单质炸药	结构
晶体结构	Concept	单质炸药 / 结构 / 晶体结构	单质炸药	结构
晶体结构	Concept	单质炸药 / 结构 / 晶体结构 / 晶体结构	单质炸药	结构
晶体设计	Concept	单质炸药 / 结构 / 晶体结构 / 晶体设计	单质炸药	结构
设计理论	Concept	单质炸药 / 结构 / 晶体结构 / 晶体设计 / 设计理论	单质炸药	结构
晶体密度-爆轰性质关联	Concept	单质炸药 / 结构 / 晶体结构 / 晶体设计 / 设计理论 / 晶体密度-爆轰性质关联	单质炸药	结构
堆积模式-感度关联	Concept	单质炸药 / 结构 / 晶体结构 / 晶体设计 / 设计理论 / 堆积模式-感度关联	单质炸药	结构
晶体结构-安全性能关联	Concept	单质炸药 / 结构 / 晶体结构 / 晶体设计 / 设计理论 / 晶体结构-安全性能关联	单质炸药	结构
晶格能	Concept	单质炸药 / 结构 / 晶体结构 / 晶体设计 / 设计理论 / 晶格能	单质炸药	结构
多晶型与相变	Concept	单质炸药 / 结构 / 晶体结构 / 晶体设计 / 设计理论 / 多晶型与相变	单质炸药	结构
分子间相互作用	Concept	单质炸药 / 结构 / 晶体结构 / 晶体设计 / 设计理论 / 分子间相互作用	单质炸药	结构
分子表面静电势	Concept	单质炸药 / 结构 / 晶体结构 / 晶体设计 / 设计理论 / 分子表面静电势	单质炸药	结构
空间位阻平衡	Concept	单质炸药 / 结构 / 晶体结构 / 晶体设计 / 设计理论 / 空间位阻平衡	单质炸药	结构
晶体结构搜索	Concept	单质炸药 / 结构 / 晶体结构 / 晶体设计 / 设计理论 / 晶体结构搜索	单质炸药	结构
结构设计	Concept	单质炸药 / 结构 / 晶体结构 / 晶体设计 / 结构设计	单质炸药	结构
晶体工程	Concept	单质炸药 / 结构 / 晶体结构 / 晶体设计 / 结构设计 / 晶体工程	单质炸药	结构
分子间相互作用	Concept	单质炸药 / 结构 / 晶体结构 / 晶体设计 / 结构设计 / 分子间相互作用	单质炸药	结构
位错/空位	Concept	单质炸药 / 结构 / 晶体结构 / 晶体设计 / 结构设计 / 位错/空位	单质炸药	结构
共晶	Concept	单质炸药 / 结构 / 晶体结构 / 晶体设计 / 结构设计 / 共晶	单质炸药	结构
插层/掺杂	Concept	单质炸药 / 结构 / 晶体结构 / 晶体设计 / 结构设计 / 插层/掺杂	单质炸药	结构
层状/滑移结构设计	Concept	单质炸药 / 结构 / 晶体结构 / 晶体设计 / 结构设计 / 层状/滑移结构设计	单质炸药	结构
高堆积系数	Concept	单质炸药 / 结构 / 晶体结构 / 晶体设计 / 结构设计 / 高堆积系数	单质炸药	结构
织构设计	Concept	单质炸药 / 结构 / 晶体结构 / 晶体设计 / 结构设计 / 织构设计	单质炸药	结构
性质预测与筛选	Concept	单质炸药 / 结构 / 晶体结构 / 晶体设计 / 性质预测与筛选	单质炸药	结构
理论计算性质预测	Concept	单质炸药 / 结构 / 晶体结构 / 晶体设计 / 性质预测与筛选 / 理论计算性质预测	单质炸药	结构
经验/半经验性质预测	Concept	单质炸药 / 结构 / 晶体结构 / 晶体设计 / 性质预测与筛选 / 经验/半经验性质预测	单质炸药	结构
人工智能性质预测	Concept	单质炸药 / 结构 / 晶体结构 / 晶体设计 / 性质预测与筛选 / 人工智能性质预测	单质炸药	结构
单目标预测筛选	Concept	单质炸药 / 结构 / 晶体结构 / 晶体设计 / 性质预测与筛选 / 单目标预测筛选	单质炸药	结构
多目标预测筛选	Concept	单质炸药 / 结构 / 晶体结构 / 晶体设计 / 性质预测与筛选 / 多目标预测筛选	单质炸药	结构
方法工具	Concept	单质炸药 / 结构 / 晶体结构 / 晶体设计 / 方法工具	单质炸药	结构
分子模拟程序	Concept	单质炸药 / 结构 / 晶体结构 / 晶体设计 / 方法工具 / 分子模拟程序	单质炸药	结构
晶体结构预测程序	Concept	单质炸药 / 结构 / 晶体结构 / 晶体设计 / 方法工具 / 晶体结构预测程序	单质炸药	结构
爆轰性质预测程序	Concept	单质炸药 / 结构 / 晶体结构 / 晶体设计 / 方法工具 / 爆轰性质预测程序	单质炸药	结构
基础理化性质预测程序	Concept	单质炸药 / 结构 / 晶体结构 / 晶体设计 / 方法工具 / 基础理化性质预测程序	单质炸药	结构
力学性能预测程序	Concept	单质炸药 / 结构 / 晶体结构 / 晶体设计 / 方法工具 / 力学性能预测程序	单质炸药	结构
安全性能预测程序	Concept	单质炸药 / 结构 / 晶体结构 / 晶体设计 / 方法工具 / 安全性能预测程序	单质炸药	结构
晶体结构数据库	Concept	单质炸药 / 结构 / 晶体结构 / 晶体设计 / 方法工具 / 晶体结构数据库	单质炸药	结构
相关学科关联	Concept	单质炸药 / 结构 / 相关学科关联	单质炸药	结构
组成	Facet	单质炸药 / 组成	单质炸药	组成
分子组成	Concept	单质炸药 / 组成 / 分子组成	单质炸药	组成
按子结构划分	Concept	单质炸药 / 组成 / 分子组成 / 按子结构划分	单质炸药	组成
硝基类	Concept	单质炸药 / 组成 / 分子组成 / 按子结构划分 / 硝基类	单质炸药	组成
硝胺类	Concept	单质炸药 / 组成 / 分子组成 / 按子结构划分 / 硝胺类	单质炸药	组成
硝酸酯类	Concept	单质炸药 / 组成 / 分子组成 / 按子结构划分 / 硝酸酯类	单质炸药	组成
叠氮类	Concept	单质炸药 / 组成 / 分子组成 / 按子结构划分 / 叠氮类	单质炸药	组成
呋咱类	Concept	单质炸药 / 组成 / 分子组成 / 按子结构划分 / 呋咱类	单质炸药	组成
唑类	Concept	单质炸药 / 组成 / 分子组成 / 按子结构划分 / 唑类	单质炸药	组成
笼型	Concept	单质炸药 / 组成 / 分子组成 / 按子结构划分 / 笼型	单质炸药	组成
稠环类	Concept	单质炸药 / 组成 / 分子组成 / 按子结构划分 / 稠环类	单质炸药	组成
按元素划分	Concept	单质炸药 / 组成 / 分子组成 / 按元素划分	单质炸药	组成
CHNO类	Concept	单质炸药 / 组成 / 分子组成 / 按元素划分 / CHNO类	单质炸药	组成
金属氢	Concept	单质炸药 / 组成 / 分子组成 / 按元素划分 / 金属氢	单质炸药	组成
CO类	Concept	单质炸药 / 组成 / 分子组成 / 按元素划分 / CO类	单质炸药	组成
OH类	Concept	单质炸药 / 组成 / 分子组成 / 按元素划分 / OH类	单质炸药	组成
含金属	Concept	单质炸药 / 组成 / 分子组成 / 按元素划分 / 含金属	单质炸药	组成
含卤素	Concept	单质炸药 / 组成 / 分子组成 / 按元素划分 / 含卤素	单质炸药	组成
全氮	Concept	单质炸药 / 组成 / 分子组成 / 按元素划分 / 全氮	单质炸药	组成
按应用划分	Concept	单质炸药 / 组成 / 分子组成 / 按应用划分	单质炸药	组成
起爆药	Concept	单质炸药 / 组成 / 分子组成 / 按应用划分 / 起爆药	单质炸药	组成
主炸药	Concept	单质炸药 / 组成 / 分子组成 / 按应用划分 / 主炸药	单质炸药	组成
传爆药	Concept	单质炸药 / 组成 / 分子组成 / 按应用划分 / 传爆药	单质炸药	组成
民用爆破	Concept	单质炸药 / 组成 / 分子组成 / 按应用划分 / 民用爆破	单质炸药	组成
生物战剂	Concept	单质炸药 / 组成 / 分子组成 / 按应用划分 / 生物战剂	单质炸药	组成
其他	Concept	单质炸药 / 组成 / 分子组成 / 按应用划分 / 其他	单质炸药	组成
晶体组成	Concept	单质炸药 / 组成 / 晶体组成	单质炸药	组成
典型晶体类型	Concept	单质炸药 / 组成 / 晶体组成 / 典型晶体类型	单质炸药	组成
分子晶体	Concept	单质炸药 / 组成 / 晶体组成 / 典型晶体类型 / 分子晶体	单质炸药	组成
离子晶体	Concept	单质炸药 / 组成 / 晶体组成 / 典型晶体类型 / 离子晶体	单质炸药	组成
原子晶体	Concept	单质炸药 / 组成 / 晶体组成 / 典型晶体类型 / 原子晶体	单质炸药	组成
金属晶体	Concept	单质炸药 / 组成 / 晶体组成 / 典型晶体类型 / 金属晶体	单质炸药	组成
混合晶体	Concept	单质炸药 / 组成 / 晶体组成 / 典型晶体类型 / 混合晶体	单质炸药	组成
共晶	Concept	单质炸药 / 组成 / 晶体组成 / 典型晶体类型 / 共晶	单质炸药	组成
相关学科关联	Concept	单质炸药 / 组成 / 相关学科关联	单质炸药	组成
应用	Facet	单质炸药 / 应用	单质炸药	应用
应用领域	Concept	单质炸药 / 应用 / 应用领域	单质炸药	应用
军事	Concept	单质炸药 / 应用 / 应用领域 / 军事	单质炸药	应用
民用	Concept	单质炸药 / 应用 / 应用领域 / 民用	单质炸药	应用
特殊场景	Concept	单质炸药 / 应用 / 应用领域 / 特殊场景	单质炸药	应用
性质/性能适配	Concept	单质炸药 / 应用 / 性质/性能适配	单质炸药	应用
应用场景演进	Concept	单质炸药 / 应用 / 应用场景演进	单质炸药	应用
应用历程	Concept	单质炸药 / 应用 / 应用场景演进 / 应用历程	单质炸药	应用
未来趋势	Concept	单质炸药 / 应用 / 应用场景演进 / 未来趋势	单质炸药	应用
安全与监管	Facet	单质炸药 / 安全与监管	单质炸药	安全与监管
识别与分类	Concept	单质炸药 / 安全与监管 / 识别与分类	单质炸药	安全与监管
单质炸药分类标签与目录	Concept	单质炸药 / 安全与监管 / 识别与分类 / 单质炸药分类标签与目录	单质炸药	安全与监管
危险性类别识别	Concept	单质炸药 / 安全与监管 / 识别与分类 / 危险性类别识别	单质炸药	安全与监管
分类编码与标识	Concept	单质炸药 / 安全与监管 / 识别与分类 / 分类编码与标识	单质炸药	安全与监管
安全管理制度	Concept	单质炸药 / 安全与监管 / 安全管理制度	单质炸药	安全与监管
全生命周期安全管理	Concept	单质炸药 / 安全与监管 / 安全管理制度 / 全生命周期安全管理	单质炸药	安全与监管
岗位责任与权限划分	Concept	单质炸药 / 安全与监管 / 安全管理制度 / 岗位责任与权限划分	单质炸药	安全与监管
动火作业制度	Concept	单质炸药 / 安全与监管 / 安全管理制度 / 动火作业制度	单质炸药	安全与监管
有限空间/高处作业制度	Concept	单质炸药 / 安全与监管 / 安全管理制度 / 有限空间/高处作业制度	单质炸药	安全与监管
安全技术保障	Concept	单质炸药 / 安全与监管 / 安全技术保障	单质炸药	安全与监管
工艺安全管理	Concept	单质炸药 / 安全与监管 / 安全技术保障 / 工艺安全管理	单质炸药	安全与监管
设备安全管理	Concept	单质炸药 / 安全与监管 / 安全技术保障 / 设备安全管理	单质炸药	安全与监管
监测预警与连锁	Concept	单质炸药 / 安全与监管 / 安全技术保障 / 监测预警与连锁	单质炸药	安全与监管
特种作业人员管理	Concept	单质炸药 / 安全与监管 / 安全技术保障 / 特种作业人员管理	单质炸药	安全与监管
自动化与过程安全	Concept	单质炸药 / 安全与监管 / 安全技术保障 / 自动化与过程安全	单质炸药	安全与监管
储运与仓储安全	Concept	单质炸药 / 安全与监管 / 储运与仓储安全	单质炸药	安全与监管
基础认知体系	Concept	单质炸药 / 安全与监管 / 储运与仓储安全 / 基础认知体系	单质炸药	安全与监管
存储安全规范	Concept	单质炸药 / 安全与监管 / 储运与仓储安全 / 存储安全规范	单质炸药	安全与监管
运输管理制度	Concept	单质炸药 / 安全与监管 / 储运与仓储安全 / 运输管理制度	单质炸药	安全与监管
仓储场所设计	Concept	单质炸药 / 安全与监管 / 储运与仓储安全 / 仓储场所设计	单质炸药	安全与监管
应急响应与事故处置	Concept	单质炸药 / 安全与监管 / 应急响应与事故处置	单质炸药	安全与监管
典型事故类型	Concept	单质炸药 / 安全与监管 / 应急响应与事故处置 / 典型事故类型	单质炸药	安全与监管
应急预案编制	Concept	单质炸药 / 安全与监管 / 应急响应与事故处置 / 应急预案编制	单质炸药	安全与监管
应急救援体系	Concept	单质炸药 / 安全与监管 / 应急响应与事故处置 / 应急救援体系	单质炸药	安全与监管
事故调查与追责	Concept	单质炸药 / 安全与监管 / 应急响应与事故处置 / 事故调查与追责	单质炸药	安全与监管
法规政策与标准	Concept	单质炸药 / 安全与监管 / 法规政策与标准	单质炸药	安全与监管
国内法规标准	Concept	单质炸药 / 安全与监管 / 法规政策与标准 / 国内法规标准	单质炸药	安全与监管
国际法规与标准	Concept	单质炸药 / 安全与监管 / 法规政策与标准 / 国际法规与标准	单质炸药	安全与监管
企业/行业规章制度	Concept	单质炸药 / 安全与监管 / 法规政策与标准 / 企业/行业规章制度	单质炸药	安全与监管
三废处理	Concept	单质炸药 / 安全与监管 / 三废处理	单质炸药	安全与监管
废气	Concept	单质炸药 / 安全与监管 / 三废处理 / 废气	单质炸药	安全与监管
废液	Concept	单质炸药 / 安全与监管 / 三废处理 / 废液	单质炸药	安全与监管
废渣	Concept	单质炸药 / 安全与监管 / 三废处理 / 废渣	单质炸药	安全与监管
制备与加工	Facet	单质炸药 / 制备与加工	单质炸药	制备与加工
合成	Concept	单质炸药 / 制备与加工 / 合成	单质炸药	制备与加工
合成理论	Concept	单质炸药 / 制备与加工 / 合成 / 合成理论	单质炸药	制备与加工
过渡态理论	Concept	单质炸药 / 制备与加工 / 合成 / 合成理论 / 过渡态理论	单质炸药	制备与加工
反应速率	Concept	单质炸药 / 制备与加工 / 合成 / 合成理论 / 过渡态理论 / 反应速率	单质炸药	制备与加工
中间体	Concept	单质炸药 / 制备与加工 / 合成 / 合成理论 / 过渡态理论 / 中间体	单质炸药	制备与加工
理论计算方法	Concept	单质炸药 / 制备与加工 / 合成 / 合成理论 / 过渡态理论 / 理论计算方法	单质炸药	制备与加工
软件与工具	Concept	单质炸药 / 制备与加工 / 合成 / 合成理论 / 过渡态理论 / 软件与工具	单质炸药	制备与加工
理论方法修正与扩展	Concept	单质炸药 / 制备与加工 / 合成 / 合成理论 / 过渡态理论 / 理论方法修正与扩展	单质炸药	制备与加工
反应热力学	Concept	单质炸药 / 制备与加工 / 合成 / 合成理论 / 反应热力学	单质炸药	制备与加工
热力学定律	Concept	单质炸药 / 制备与加工 / 合成 / 合成理论 / 反应热力学 / 热力学定律	单质炸药	制备与加工
单位与标准	Concept	单质炸药 / 制备与加工 / 合成 / 合成理论 / 反应热力学 / 单位与标准	单质炸药	制备与加工
热力学参数	Concept	单质炸药 / 制备与加工 / 合成 / 合成理论 / 反应热力学 / 热力学参数	单质炸药	制备与加工
反应趋势	Concept	单质炸药 / 制备与加工 / 合成 / 合成理论 / 反应热力学 / 反应趋势	单质炸药	制备与加工
理论计算数据与方法	Concept	单质炸药 / 制备与加工 / 合成 / 合成理论 / 反应热力学 / 理论计算数据与方法	单质炸药	制备与加工
软件与工具	Concept	单质炸药 / 制备与加工 / 合成 / 合成理论 / 反应热力学 / 软件与工具	单质炸药	制备与加工
反应动力学	Concept	单质炸药 / 制备与加工 / 合成 / 合成理论 / 反应动力学	单质炸药	制备与加工
反应速率	Concept	单质炸药 / 制备与加工 / 合成 / 合成理论 / 反应动力学 / 反应速率	单质炸药	制备与加工
活化能	Concept	单质炸药 / 制备与加工 / 合成 / 合成理论 / 反应动力学 / 活化能	单质炸药	制备与加工
反应机理	Concept	单质炸药 / 制备与加工 / 合成 / 合成理论 / 反应动力学 / 反应机理	单质炸药	制备与加工
微观动力学	Concept	单质炸药 / 制备与加工 / 合成 / 合成理论 / 反应动力学 / 微观动力学	单质炸药	制备与加工
影响因素分析	Concept	单质炸药 / 制备与加工 / 合成 / 合成理论 / 反应动力学 / 影响因素分析	单质炸药	制备与加工
选择性	Concept	单质炸药 / 制备与加工 / 合成 / 合成理论 / 反应动力学 / 选择性	单质炸药	制备与加工
实验测试方法	Concept	单质炸药 / 制备与加工 / 合成 / 合成理论 / 反应动力学 / 实验测试方法	单质炸药	制备与加工
理论计算方法	Concept	单质炸药 / 制备与加工 / 合成 / 合成理论 / 反应动力学 / 理论计算方法	单质炸药	制备与加工
软件与工具	Concept	单质炸药 / 制备与加工 / 合成 / 合成理论 / 反应动力学 / 软件与工具	单质炸药	制备与加工
反应类型与机制	Concept	单质炸药 / 制备与加工 / 合成 / 合成理论 / 反应类型与机制	单质炸药	制备与加工
硝化反应	Concept	单质炸药 / 制备与加工 / 合成 / 合成理论 / 反应类型与机制 / 硝化反应	单质炸药	制备与加工
胺化/氨解	Concept	单质炸药 / 制备与加工 / 合成 / 合成理论 / 反应类型与机制 / 胺化/氨解	单质炸药	制备与加工
酯化反应	Concept	单质炸药 / 制备与加工 / 合成 / 合成理论 / 反应类型与机制 / 酯化反应	单质炸药	制备与加工
叠氮化	Concept	单质炸药 / 制备与加工 / 合成 / 合成理论 / 反应类型与机制 / 叠氮化	单质炸药	制备与加工
醛胺缩合	Concept	单质炸药 / 制备与加工 / 合成 / 合成理论 / 反应类型与机制 / 醛胺缩合	单质炸药	制备与加工
曼尼希反应	Concept	单质炸药 / 制备与加工 / 合成 / 合成理论 / 反应类型与机制 / 曼尼希反应	单质炸药	制备与加工
自由基反应	Concept	单质炸药 / 制备与加工 / 合成 / 合成理论 / 反应类型与机制 / 自由基反应	单质炸药	制备与加工
环化反应	Concept	单质炸药 / 制备与加工 / 合成 / 合成理论 / 反应类型与机制 / 环化反应	单质炸药	制备与加工
过渡金属催化反应	Concept	单质炸药 / 制备与加工 / 合成 / 合成理论 / 反应类型与机制 / 过渡金属催化反应	单质炸药	制备与加工
共轭体系反应	Concept	单质炸药 / 制备与加工 / 合成 / 合成理论 / 反应类型与机制 / 共轭体系反应	单质炸药	制备与加工
非共轭体系反应	Concept	单质炸药 / 制备与加工 / 合成 / 合成理论 / 反应类型与机制 / 非共轭体系反应	单质炸药	制备与加工
立体化学	Concept	单质炸药 / 制备与加工 / 合成 / 合成理论 / 立体化学	单质炸药	制备与加工
空间异构	Concept	单质炸药 / 制备与加工 / 合成 / 合成理论 / 立体化学 / 空间异构	单质炸药	制备与加工
对应异构	Concept	单质炸药 / 制备与加工 / 合成 / 合成理论 / 立体化学 / 对应异构	单质炸药	制备与加工
构型分析	Concept	单质炸药 / 制备与加工 / 合成 / 合成理论 / 立体化学 / 构型分析	单质炸药	制备与加工
构象分析	Concept	单质炸药 / 制备与加工 / 合成 / 合成理论 / 立体化学 / 构象分析	单质炸药	制备与加工
立体化学构效关系	Concept	单质炸药 / 制备与加工 / 合成 / 合成理论 / 立体化学 / 立体化学构效关系	单质炸药	制备与加工
反应选择性	Concept	单质炸药 / 制备与加工 / 合成 / 合成理论 / 反应选择性	单质炸药	制备与加工
区域选择性	Concept	单质炸药 / 制备与加工 / 合成 / 合成理论 / 反应选择性 / 区域选择性	单质炸药	制备与加工
立体选择性	Concept	单质炸药 / 制备与加工 / 合成 / 合成理论 / 反应选择性 / 立体选择性	单质炸药	制备与加工
化学选择性	Concept	单质炸药 / 制备与加工 / 合成 / 合成理论 / 反应选择性 / 化学选择性	单质炸药	制备与加工
定量化描述	Concept	单质炸药 / 制备与加工 / 合成 / 合成理论 / 反应选择性 / 定量化描述	单质炸药	制备与加工
影响因素	Concept	单质炸药 / 制备与加工 / 合成 / 合成理论 / 反应选择性 / 影响因素	单质炸药	制备与加工
理论模型	Concept	单质炸药 / 制备与加工 / 合成 / 合成理论 / 反应选择性 / 理论模型	单质炸药	制备与加工
调控策略	Concept	单质炸药 / 制备与加工 / 合成 / 合成理论 / 反应选择性 / 调控策略	单质炸药	制备与加工
分析表征技术	Concept	单质炸药 / 制备与加工 / 合成 / 合成理论 / 反应选择性 / 分析表征技术	单质炸药	制备与加工
理论计算方法	Concept	单质炸药 / 制备与加工 / 合成 / 合成理论 / 反应选择性 / 理论计算方法	单质炸药	制备与加工
合成方法	Concept	单质炸药 / 制备与加工 / 合成 / 合成方法	单质炸药	制备与加工
硝化反应	Concept	单质炸药 / 制备与加工 / 合成 / 合成方法 / 硝化反应	单质炸药	制备与加工
胺化/氨解	Concept	单质炸药 / 制备与加工 / 合成 / 合成方法 / 胺化/氨解	单质炸药	制备与加工
酯化反应	Concept	单质炸药 / 制备与加工 / 合成 / 合成方法 / 酯化反应	单质炸药	制备与加工
叠氮化	Concept	单质炸药 / 制备与加工 / 合成 / 合成方法 / 叠氮化	单质炸药	制备与加工
醛胺缩合	Concept	单质炸药 / 制备与加工 / 合成 / 合成方法 / 醛胺缩合	单质炸药	制备与加工
曼尼希反应	Concept	单质炸药 / 制备与加工 / 合成 / 合成方法 / 曼尼希反应	单质炸药	制备与加工
环化反应	Concept	单质炸药 / 制备与加工 / 合成 / 合成方法 / 环化反应	单质炸药	制备与加工
工艺放大	Concept	单质炸药 / 制备与加工 / 合成 / 工艺放大	单质炸药	制备与加工
基本原理与目标	Concept	单质炸药 / 制备与加工 / 合成 / 工艺放大 / 基本原理与目标	单质炸药	制备与加工
关键步骤与方法	Concept	单质炸药 / 制备与加工 / 合成 / 工艺放大 / 关键步骤与方法	单质炸药	制备与加工
关键工艺参数控制	Concept	单质炸药 / 制备与加工 / 合成 / 工艺放大 / 关键工艺参数控制	单质炸药	制备与加工
安全与环保控制	Concept	单质炸药 / 制备与加工 / 合成 / 工艺放大 / 安全与环保控制	单质炸药	制备与加工
质量控制验证	Concept	单质炸药 / 制备与加工 / 合成 / 工艺放大 / 质量控制验证	单质炸药	制备与加工
工艺控制与验证	Concept	单质炸药 / 制备与加工 / 合成 / 工艺放大 / 工艺控制与验证	单质炸药	制备与加工
合成设备	Concept	单质炸药 / 制备与加工 / 合成 / 合成设备	单质炸药	制备与加工
设备分类与选型	Concept	单质炸药 / 制备与加工 / 合成 / 合成设备 / 设备分类与选型	单质炸药	制备与加工
反应规模	Concept	单质炸药 / 制备与加工 / 合成 / 合成设备 / 设备分类与选型 / 反应规模	单质炸药	制备与加工
反应特性	Concept	单质炸药 / 制备与加工 / 合成 / 合成设备 / 设备分类与选型 / 反应特性	单质炸药	制备与加工
反应设备	Concept	单质炸药 / 制备与加工 / 合成 / 合成设备 / 设备分类与选型 / 反应设备	单质炸药	制备与加工
分离纯化设备	Concept	单质炸药 / 制备与加工 / 合成 / 合成设备 / 设备分类与选型 / 分离纯化设备	单质炸药	制备与加工
公用工程设备	Concept	单质炸药 / 制备与加工 / 合成 / 合成设备 / 设备分类与选型 / 公用工程设备	单质炸药	制备与加工
安全控制与防护	Concept	单质炸药 / 制备与加工 / 合成 / 合成设备 / 安全控制与防护	单质炸药	制备与加工
风险识别与评估	Concept	单质炸药 / 制备与加工 / 合成 / 合成设备 / 安全控制与防护 / 风险识别与评估	单质炸药	制备与加工
设备安全设计与选型	Concept	单质炸药 / 制备与加工 / 合成 / 合成设备 / 安全控制与防护 / 设备安全设计与选型	单质炸药	制备与加工
物料安全管理	Concept	单质炸药 / 制备与加工 / 合成 / 合成设备 / 安全控制与防护 / 物料安全管理	单质炸药	制备与加工
工艺过程安全控制	Concept	单质炸药 / 制备与加工 / 合成 / 合成设备 / 安全控制与防护 / 工艺过程安全控制	单质炸药	制备与加工
法规与标准	Concept	单质炸药 / 制备与加工 / 合成 / 合成设备 / 安全控制与防护 / 法规与标准	单质炸药	制备与加工
操作控制与规程	Concept	单质炸药 / 制备与加工 / 合成 / 合成设备 / 操作控制与规程	单质炸药	制备与加工
结晶	Concept	单质炸药 / 制备与加工 / 结晶	单质炸药	制备与加工
结晶理论	Concept	单质炸药 / 制备与加工 / 结晶 / 结晶理论	单质炸药	制备与加工
结晶热力学	Concept	单质炸药 / 制备与加工 / 结晶 / 结晶理论 / 结晶热力学	单质炸药	制备与加工
结晶动力学	Concept	单质炸药 / 制备与加工 / 结晶 / 结晶理论 / 结晶动力学	单质炸药	制备与加工
晶体形貌与调控	Concept	单质炸药 / 制备与加工 / 结晶 / 结晶理论 / 晶体形貌与调控	单质炸药	制备与加工
多晶型与晶型转变	Concept	单质炸药 / 制备与加工 / 结晶 / 结晶理论 / 多晶型与晶型转变	单质炸药	制备与加工
结晶方法	Concept	单质炸药 / 制备与加工 / 结晶 / 结晶方法	单质炸药	制备与加工
冷却结晶	Concept	单质炸药 / 制备与加工 / 结晶 / 结晶方法 / 冷却结晶	单质炸药	制备与加工
蒸发结晶	Concept	单质炸药 / 制备与加工 / 结晶 / 结晶方法 / 蒸发结晶	单质炸药	制备与加工
溶剂/反溶剂结晶	Concept	单质炸药 / 制备与加工 / 结晶 / 结晶方法 / 溶剂/反溶剂结晶	单质炸药	制备与加工
超声辅助结晶	Concept	单质炸药 / 制备与加工 / 结晶 / 结晶方法 / 超声辅助结晶	单质炸药	制备与加工
膜结晶	Concept	单质炸药 / 制备与加工 / 结晶 / 结晶方法 / 膜结晶	单质炸药	制备与加工
喷射结晶	Concept	单质炸药 / 制备与加工 / 结晶 / 结晶方法 / 喷射结晶	单质炸药	制备与加工
结晶工艺	Concept	单质炸药 / 制备与加工 / 结晶 / 结晶工艺	单质炸药	制备与加工
基本原理与目标	Concept	单质炸药 / 制备与加工 / 结晶 / 结晶工艺 / 基本原理与目标	单质炸药	制备与加工
关键步骤与方法	Concept	单质炸药 / 制备与加工 / 结晶 / 结晶工艺 / 关键步骤与方法	单质炸药	制备与加工
关键工艺参数控制	Concept	单质炸药 / 制备与加工 / 结晶 / 结晶工艺 / 关键工艺参数控制	单质炸药	制备与加工
安全与环保控制	Concept	单质炸药 / 制备与加工 / 结晶 / 结晶工艺 / 安全与环保控制	单质炸药	制备与加工
质量控制验证	Concept	单质炸药 / 制备与加工 / 结晶 / 结晶工艺 / 质量控制验证	单质炸药	制备与加工
工艺控制与验证	Concept	单质炸药 / 制备与加工 / 结晶 / 结晶工艺 / 工艺控制与验证	单质炸药	制备与加工
结晶设备	Concept	单质炸药 / 制备与加工 / 结晶 / 结晶设备	单质炸药	制备与加工
设备分类与选型	Concept	单质炸药 / 制备与加工 / 结晶 / 结晶设备 / 设备分类与选型	单质炸药	制备与加工
反应规模	Concept	单质炸药 / 制备与加工 / 结晶 / 结晶设备 / 设备分类与选型 / 反应规模	单质炸药	制备与加工
反应特性	Concept	单质炸药 / 制备与加工 / 结晶 / 结晶设备 / 设备分类与选型 / 反应特性	单质炸药	制备与加工
反应设备	Concept	单质炸药 / 制备与加工 / 结晶 / 结晶设备 / 设备分类与选型 / 反应设备	单质炸药	制备与加工
分离纯化设备	Concept	单质炸药 / 制备与加工 / 结晶 / 结晶设备 / 设备分类与选型 / 分离纯化设备	单质炸药	制备与加工
公用工程设备	Concept	单质炸药 / 制备与加工 / 结晶 / 结晶设备 / 设备分类与选型 / 公用工程设备	单质炸药	制备与加工
安全控制与防护	Concept	单质炸药 / 制备与加工 / 结晶 / 结晶设备 / 安全控制与防护	单质炸药	制备与加工
风险识别与评估	Concept	单质炸药 / 制备与加工 / 结晶 / 结晶设备 / 安全控制与防护 / 风险识别与评估	单质炸药	制备与加工
设备安全设计与选型	Concept	单质炸药 / 制备与加工 / 结晶 / 结晶设备 / 安全控制与防护 / 设备安全设计与选型	单质炸药	制备与加工
物料安全管理	Concept	单质炸药 / 制备与加工 / 结晶 / 结晶设备 / 安全控制与防护 / 物料安全管理	单质炸药	制备与加工
工艺过程安全控制	Concept	单质炸药 / 制备与加工 / 结晶 / 结晶设备 / 安全控制与防护 / 工艺过程安全控制	单质炸药	制备与加工
法规与标准	Concept	单质炸药 / 制备与加工 / 结晶 / 结晶设备 / 安全控制与防护 / 法规与标准	单质炸药	制备与加工
操作控制与规程	Concept	单质炸药 / 制备与加工 / 结晶 / 结晶设备 / 操作控制与规程	单质炸药	制备与加工
加工与制造	Concept	单质炸药 / 制备与加工 / 加工与制造	单质炸药	制备与加工
基础认知体系	Concept	单质炸药 / 制备与加工 / 加工与制造 / 基础认知体系	单质炸药	制备与加工
原材料分类	Concept	单质炸药 / 制备与加工 / 加工与制造 / 基础认知体系 / 原材料分类	单质炸药	制备与加工
典型单质炸药概览	Concept	单质炸药 / 制备与加工 / 加工与制造 / 基础认知体系 / 典型单质炸药概览	单质炸药	制备与加工
本征危险特性	Concept	单质炸药 / 制备与加工 / 加工与制造 / 基础认知体系 / 本征危险特性	单质炸药	制备与加工
工艺流程	Concept	单质炸药 / 制备与加工 / 加工与制造 / 工艺流程	单质炸药	制备与加工
反应类型	Concept	单质炸药 / 制备与加工 / 加工与制造 / 工艺流程 / 反应类型	单质炸药	制备与加工
反应路径	Concept	单质炸药 / 制备与加工 / 加工与制造 / 工艺流程 / 反应路径	单质炸药	制备与加工
工艺流程组成	Concept	单质炸药 / 制备与加工 / 加工与制造 / 工艺流程 / 工艺流程组成	单质炸药	制备与加工
反应热分析	Concept	单质炸药 / 制备与加工 / 加工与制造 / 工艺流程 / 反应热分析	单质炸药	制备与加工
强化与替代工艺	Concept	单质炸药 / 制备与加工 / 加工与制造 / 工艺流程 / 强化与替代工艺	单质炸药	制备与加工
专用设备与管道系统	Concept	单质炸药 / 制备与加工 / 加工与制造 / 专用设备与管道系统	单质炸药	制备与加工
关重设备选型	Concept	单质炸药 / 制备与加工 / 加工与制造 / 专用设备与管道系统 / 关重设备选型	单质炸药	制备与加工
安全设计要点	Concept	单质炸药 / 制备与加工 / 加工与制造 / 专用设备与管道系统 / 安全设计要点	单质炸药	制备与加工
管道系统要求	Concept	单质炸药 / 制备与加工 / 加工与制造 / 专用设备与管道系统 / 管道系统要求	单质炸药	制备与加工
自动化与过程安全	Concept	单质炸药 / 制备与加工 / 加工与制造 / 自动化与过程安全	单质炸药	制备与加工
过程控制系统	Concept	单质炸药 / 制备与加工 / 加工与制造 / 自动化与过程安全 / 过程控制系统	单质炸药	制备与加工
关键安全控制	Concept	单质炸药 / 制备与加工 / 加工与制造 / 自动化与过程安全 / 关键安全控制	单质炸药	制备与加工
在线检测	Concept	单质炸药 / 制备与加工 / 加工与制造 / 自动化与过程安全 / 在线检测	单质炸药	制备与加工
报警机制	Concept	单质炸药 / 制备与加工 / 加工与制造 / 自动化与过程安全 / 报警机制	单质炸药	制备与加工
三废处理	Concept	单质炸药 / 制备与加工 / 加工与制造 / 三废处理	单质炸药	制备与加工
废气	Concept	单质炸药 / 制备与加工 / 加工与制造 / 三废处理 / 废气	单质炸药	制备与加工
废液	Concept	单质炸药 / 制备与加工 / 加工与制造 / 三废处理 / 废液	单质炸药	制备与加工
废渣	Concept	单质炸药 / 制备与加工 / 加工与制造 / 三废处理 / 废渣	单质炸药	制备与加工
销毁规章制度	Concept	单质炸药 / 制备与加工 / 加工与制造 / 三废处理 / 销毁规章制度	单质炸药	制备与加工
应急响应与事故防控	Concept	单质炸药 / 制备与加工 / 加工与制造 / 应急响应与事故防控	单质炸药	制备与加工
典型事故类型	Concept	单质炸药 / 制备与加工 / 加工与制造 / 应急响应与事故防控 / 典型事故类型	单质炸药	制备与加工
爆炸	Concept	单质炸药 / 制备与加工 / 加工与制造 / 应急响应与事故防控 / 典型事故类型 / 爆炸	单质炸药	制备与加工
泄露	Concept	单质炸药 / 制备与加工 / 加工与制造 / 应急响应与事故防控 / 典型事故类型 / 泄露	单质炸药	制备与加工
中毒	Concept	单质炸药 / 制备与加工 / 加工与制造 / 应急响应与事故防控 / 典型事故类型 / 中毒	单质炸药	制备与加工
火灾	Concept	单质炸药 / 制备与加工 / 加工与制造 / 应急响应与事故防控 / 典型事故类型 / 火灾	单质炸药	制备与加工
热失控	Concept	单质炸药 / 制备与加工 / 加工与制造 / 应急响应与事故防控 / 典型事故类型 / 热失控	单质炸药	制备与加工
危险识别与评估	Concept	单质炸药 / 制备与加工 / 加工与制造 / 应急响应与事故防控 / 危险识别与评估	单质炸药	制备与加工
应急体系	Concept	单质炸药 / 制备与加工 / 加工与制造 / 应急响应与事故防控 / 应急体系	单质炸药	制备与加工
法规标准	Concept	单质炸药 / 制备与加工 / 加工与制造 / 法规标准	单质炸药	制备与加工
国内法规标准	Concept	单质炸药 / 制备与加工 / 加工与制造 / 法规标准 / 国内法规标准	单质炸药	制备与加工
国标	Concept	单质炸药 / 制备与加工 / 加工与制造 / 法规标准 / 国内法规标准 / 国标	单质炸药	制备与加工
国军标	Concept	单质炸药 / 制备与加工 / 加工与制造 / 法规标准 / 国内法规标准 / 国军标	单质炸药	制备与加工
国际标准	Concept	单质炸药 / 制备与加工 / 加工与制造 / 法规标准 / 国际标准	单质炸药	制备与加工
企业级标准	Concept	单质炸药 / 制备与加工 / 加工与制造 / 法规标准 / 企业级标准	单质炸药	制备与加工
行业级标准	Concept	单质炸药 / 制备与加工 / 加工与制造 / 法规标准 / 行业级标准	单质炸药	制备与加工
相关学科关联	Concept	单质炸药 / 制备与加工 / 相关学科关联	单质炸药	制备与加工
密度	Parameter	发射药/性质性能/基础理化性质/密度	发射药	Parameter
热容量	Parameter	发射药/性质性能/基础理化性质/热容量	发射药	Parameter
热导率	Parameter	发射药/性质性能/基础理化性质/热导率	发射药	Parameter
吸湿性	Parameter	发射药/性质性能/基础理化性质/吸湿性	发射药	Parameter
爆热	Parameter	发射药/性质性能/能量性能/爆热	发射药	Parameter
比容	Parameter	发射药/性质性能/能量性能/比容	发射药	Parameter
火药力和余容	Parameter	发射药/性质性能/能量性能/火药力和余容	发射药	Parameter
燃速	Parameter	发射药/性质性能/燃烧性能/燃速	发射药	Parameter
燃速压力指数	Parameter	发射药/性质性能/燃烧性能/燃速压力指数	发射药	Parameter
燃速温度系数	Parameter	发射药/性质性能/燃烧性能/燃速温度系数	发射药	Parameter
弹性参数	Parameter	发射药/性质性能/力学性能/弹性参数	发射药	Parameter
塑性参数	Parameter	发射药/性质性能/力学性能/塑性参数	发射药	Parameter
热分解稳定性	Parameter	发射药/性质性能/安全性能/热分解稳定性	发射药	Parameter
撞击感度	Parameter	发射药/性质性能/安全性能/撞击感度	发射药	Parameter
摩擦感度	Parameter	发射药/性质性能/安全性能/摩擦感度	发射药	Parameter
爆发点	Parameter	发射药/性质性能/安全性能/爆发点	发射药	Parameter
相容性	Parameter	发射药/性质性能/相容性	发射药	Parameter
状态与颜色	Parameter	火工药剂/性质性能/基础理化性质/状态与颜色	火工药剂	Parameter
熔点	Parameter	火工药剂/性质性能/基础理化性质/熔点	火工药剂	Parameter
密度	Parameter	火工药剂/性质性能/基础理化性质/密度	火工药剂	Parameter
粒度	Parameter	火工药剂/性质性能/基础理化性质/粒度	火工药剂	Parameter
吸湿性	Parameter	火工药剂/性质性能/基础理化性质/吸湿性	火工药剂	Parameter
流散性	Parameter	火工药剂/性质性能/基础理化性质/流散性	火工药剂	Parameter
热力学性质	Parameter	火工药剂/性质性能/基础理化性质/热力学性质	火工药剂	Parameter
谱学性质	Parameter	火工药剂/性质性能/基础理化性质/谱学性质	火工药剂	Parameter
溶解性与极性	Parameter	火工药剂/性质性能/基础理化性质/溶解性与极性	火工药剂	Parameter
燃烧热、爆热	Parameter	火工药剂/性质性能/燃烧爆炸性质/燃烧热、爆热	火工药剂	Parameter
比容	Parameter	火工药剂/性质性能/燃烧爆炸性质/比容	火工药剂	Parameter
爆发点	Parameter	火工药剂/性质性能/燃烧爆炸性质/爆发点	火工药剂	Parameter
相容性	Parameter	火工药剂/性质性能/相容性	火工药剂	Parameter
闪电	Parameter	火工药剂/性质性能/安全性/闪电	火工药剂	Parameter
爆炸极限	Parameter	火工药剂/性质性能/安全性/爆炸极限	火工药剂	Parameter
毒性	Parameter	火工药剂/性质性能/安全性/毒性	火工药剂	Parameter
摩擦感度	Parameter	火工药剂/性质性能/安全性/感度/摩擦感度	火工药剂	Parameter
冲击感度	Parameter	火工药剂/性质性能/安全性/感度/冲击感度	火工药剂	Parameter
静电感度	Parameter	火工药剂/性质性能/安全性/感度/静电感度	火工药剂	Parameter
激光感度	Parameter	火工药剂/性质性能/安全性/感度/激光感度	火工药剂	Parameter
热安全性	Parameter	火工药剂/性质性能/安全性/热安全性	火工药剂	Parameter
力安全性	Parameter	火工药剂/性质性能/安全性/力安全性	火工药剂	Parameter
冲击波安全性	Parameter	火工药剂/性质性能/安全性/冲击波安全性	火工药剂	Parameter
生物降解性	Parameter	火工药剂/性质性能/安全性/生物降解性	火工药剂	Parameter
毒理性指标	Parameter	火工药剂/性质性能/安全性/毒理性指标	火工药剂	Parameter
半数致死剂量	Parameter	火工药剂/性质性能/健康危害理化性质/半数致死剂量	火工药剂	Parameter
腐蚀性/刺激性	Parameter	火工药剂/性质性能/健康危害理化性质/腐蚀性/刺激性	火工药剂	Parameter
毒性	Parameter	火工药剂/性质性能/健康危害理化性质/毒性	火工药剂	Parameter
职业健康伤害类型	Parameter	火工药剂/性质性能/健康危害理化性质/职业健康伤害类型	火工药剂	Parameter
热稳定性	Parameter	火工药剂/性质性能/化学稳定性/热稳定性	火工药剂	Parameter
光稳定性	Parameter	火工药剂/性质性能/化学稳定性/光稳定性	火工药剂	Parameter
氧化还原稳定性	Parameter	火工药剂/性质性能/化学稳定性/氧化还原稳定性	火工药剂	Parameter
水解稳定性	Parameter	火工药剂/性质性能/化学稳定性/水解稳定性	火工药剂	Parameter
危险类别	Parameter	火工药剂/性质性能/安全操作与储运特性/危险类别	火工药剂	Parameter
包装类别	Parameter	火工药剂/性质性能/安全操作与储运特性/包装类别	火工药剂	Parameter
稳定剂信息	Parameter	火工药剂/性质性能/安全操作与储运特性/稳定剂信息	火工药剂	Parameter
吸湿性	Parameter	火工药剂/性质性能/安全操作与储运特性/吸湿性	火工药剂	Parameter
应急响应参数	Parameter	火工药剂/性质性能/安全操作与储运特性/应急响应参数	火工药剂	Parameter
