alias	relation_type	source
hasProperty	属性	rawarrange_schema_extended
hasMetric	属性	rawarrange_schema_extended
has_property	属性	rawarrange_schema_extended
has_value	属性	rawarrange_schema_extended
classifiedAsFamily	分类	rawarrange_schema_extended
classifiedAsElemental	分类	rawarrange_schema_extended
hasCrystalType	分类	rawarrange_schema_extended
hasHazardCategory	分类	rawarrange_schema_extended
hasClassificationCode	分类	rawarrange_schema_extended
measuredBy	方法	rawarrange_schema_extended
usesMethod	方法	rawarrange_schema_extended
usedInDomain	用途	rawarrange_schema_extended
usedInScenario	用途	rawarrange_schema_extended
affects	影响	rawarrange_schema_extended
influencedBy	影响	rawarrange_schema_extended
hasProcessStage	步骤	rawarrange_schema_extended
has_step	步骤	rawarrange_schema_extended
is_a	分类	rawarrange_schema_extended
has_standard	条件	rawarrange_schema_extended
constraint	条件	rawarrange_schema_extended
标准	条件	rawarrange_schema_extended
规范	条件	rawarrange_schema_extended
法规	条件	rawarrange_schema_extended
要求	条件	rawarrange_schema_extended
限制	条件	rawarrange_schema_extended
测试	方法	rawarrange_schema_extended
测定	方法	rawarrange_schema_extended
表征	方法	rawarrange_schema_extended
应用于	用途	rawarrange_schema_extended
适用于	用途	rawarrange_schema_extended
导致	因果	rawarrange_schema_extended
促进	影响	rawarrange_schema_extended
抑制	影响	rawarrange_schema_extended
提高	影响	rawarrange_schema_extended
降低	影响	rawarrange_schema_extended
